family,winding_ratio,suggested_order
straight,1.008769,1
straight,1.004158,1
straight,1.005961,1
straight,1.005010,1
straight,1.005254,1
straight,1.005173,1
straight,1.006070,1
straight,1.002145,1
straight,1.011617,1
straight,1.010414,1
straight,1.012842,1
straight,1.003672,1
straight,1.012857,1
straight,1.011227,1
straight,1.004427,1
straight,1.010542,1
straight,1.008171,1
straight,1.004197,1
straight,1.007096,1
straight,1.000316,1
straight,1.003220,1
straight,1.009393,1
straight,1.001093,1
straight,1.005466,1
straight,1.003718,1
straight,1.026675,1
straight,1.002262,1
straight,1.014257,1
straight,1.004803,1
straight,1.000488,1
straight,1.009092,1
straight,1.007119,1
straight,1.010754,1
straight,1.006748,1
straight,1.011083,1
straight,1.005694,1
straight,1.005157,1
straight,1.016588,1
straight,1.021777,1
straight,1.010087,1
straight,1.000829,1
straight,1.018429,1
straight,1.003227,1
straight,1.011477,1
straight,1.007806,1
straight,1.019279,1
straight,1.003480,1
straight,1.004557,1
straight,1.005879,1
straight,1.005506,1
straight,1.003686,1
straight,1.007390,1
straight,1.004924,1
straight,1.008586,1
straight,1.016554,1
straight,1.008193,1
straight,1.003448,1
straight,1.007580,1
straight,1.002703,1
straight,1.003647,1
straight,1.014219,1
straight,1.013071,1
straight,1.007411,1
straight,1.002657,1
straight,1.008657,1
straight,1.003161,1
straight,1.007098,1
straight,1.035939,1
straight,1.005346,1
straight,1.010581,1
straight,1.001444,1
straight,1.006304,1
straight,1.002238,1
straight,1.007458,1
straight,1.012401,1
straight,1.004503,1
straight,1.007718,1
straight,1.005897,1
straight,1.010134,1
straight,1.008147,1
straight,1.004296,1
straight,1.009139,1
straight,1.017893,1
straight,1.011946,1
straight,1.006042,1
straight,1.004631,1
straight,1.003335,1
straight,1.012720,1
straight,1.005127,1
straight,1.015352,1
straight,1.003787,1
straight,1.005264,1
straight,1.010193,1
straight,1.002204,1
straight,1.006097,1
straight,1.004195,1
straight,1.023367,1
straight,1.008288,1
straight,1.010677,1
straight,1.003350,1
straight,1.003714,1
straight,1.012594,1
straight,1.011172,1
straight,1.001770,1
straight,1.006590,1
straight,1.001800,1
straight,1.006847,1
straight,1.007864,1
straight,1.007329,1
straight,1.006686,1
straight,1.008493,1
straight,1.009025,1
straight,1.001622,1
straight,1.007343,1
straight,1.003697,1
straight,1.005335,1
straight,1.011074,1
straight,1.008952,1
straight,1.005000,1
straight,1.015819,1
straight,1.004563,1
straight,1.023005,1
straight,1.017102,1
straight,1.010442,1
straight,1.003878,1
straight,1.017472,1
straight,1.003238,1
straight,1.001971,1
straight,1.006043,1
straight,1.002284,1
straight,1.002956,1
straight,1.007837,1
straight,1.002013,1
straight,1.005638,1
straight,1.023210,1
straight,1.012455,1
straight,1.004491,1
straight,1.025319,1
straight,1.007419,1
straight,1.002602,1
straight,1.011121,1
straight,1.004394,1
straight,1.006498,1
straight,1.008911,1
straight,1.009507,1
straight,1.004493,1
straight,1.010185,1
straight,1.008755,1
straight,1.009853,1
straight,1.012490,1
straight,1.020902,1
straight,1.002030,1
straight,1.007305,1
straight,1.006071,1
straight,1.011095,1
straight,1.003544,1
straight,1.015124,1
straight,1.013849,1
straight,1.002782,1
straight,1.002613,1
straight,1.012464,1
straight,1.015425,1
straight,1.004754,1
straight,1.001901,1
straight,1.012126,1
straight,1.012401,1
straight,1.005627,1
straight,1.008809,1
straight,1.003770,1
straight,1.009151,1
straight,1.006657,1
straight,1.006628,1
straight,1.009868,1
straight,1.006435,1
straight,1.009221,1
straight,1.007120,1
straight,1.011311,1
straight,1.005848,1
straight,1.016446,1
straight,1.025426,1
straight,1.003029,1
straight,1.014343,1
straight,1.005647,1
straight,1.006982,1
straight,1.000690,1
straight,1.006316,1
straight,1.001650,1
straight,1.001679,1
straight,1.015669,1
straight,1.006615,1
straight,1.000921,1
straight,1.009004,1
straight,1.005860,1
straight,1.008052,1
straight,1.005435,1
straight,1.014790,1
straight,1.012203,1
straight,1.007797,1
straight,1.005814,1
straight,1.006914,1
curve,1.210226,2
curve,1.197817,2
curve,1.115476,2
curve,1.154269,2
curve,1.148476,2
curve,1.145040,2
curve,1.100919,2
curve,1.115917,2
curve,1.180562,2
curve,1.242488,2
curve,1.241754,2
curve,1.198015,2
curve,1.121333,2
curve,1.183667,2
curve,1.188453,2
curve,1.197973,2
curve,1.180978,2
curve,1.113050,2
curve,1.124512,2
curve,1.125650,2
curve,1.167770,2
curve,1.144053,2
curve,1.292245,2
curve,1.185637,2
curve,1.127043,2
curve,1.155036,2
curve,1.272006,2
curve,1.108082,2
curve,1.103493,2
curve,1.207831,2
curve,1.159605,2
curve,1.209852,2
curve,1.154663,2
curve,1.128389,2
curve,1.113825,2
curve,1.198874,2
curve,1.101087,2
curve,1.157074,2
curve,1.136464,2
curve,1.106347,2
curve,1.126453,2
curve,1.206083,2
curve,1.185778,2
curve,1.183402,2
curve,1.167674,2
curve,1.127286,2
curve,1.162889,2
curve,1.129828,2
curve,1.152479,2
curve,1.151313,2
curve,1.139157,2
curve,1.149854,2
curve,1.149535,2
curve,1.115602,2
curve,1.116506,2
curve,1.278872,2
curve,1.126738,2
curve,1.260167,2
curve,1.210586,2
curve,1.178335,2
curve,1.105977,2
curve,1.290786,2
curve,1.134853,2
curve,1.189879,2
curve,1.250749,2
curve,1.107250,2
curve,1.132352,2
curve,1.172618,2
curve,1.123978,2
curve,1.204750,2
curve,1.176764,2
curve,1.283086,2
curve,1.146719,2
curve,1.164724,2
curve,1.183243,2
curve,1.189297,2
curve,1.178723,2
curve,1.172286,2
curve,1.144099,2
curve,1.100551,2
curve,1.146701,2
curve,1.172580,2
curve,1.214145,2
curve,1.126343,2
curve,1.222182,2
curve,1.140708,2
curve,1.131866,2
curve,1.163112,2
curve,1.192451,2
curve,1.217059,2
curve,1.172506,2
curve,1.277523,2
curve,1.165572,2
curve,1.140103,2
curve,1.259513,2
curve,1.111113,2
curve,1.218114,2
curve,1.240117,2
curve,1.167466,2
curve,1.157890,2
curve,1.133560,2
curve,1.188176,2
curve,1.221437,2
curve,1.170011,2
curve,1.236750,2
curve,1.160826,2
curve,1.232603,2
curve,1.199776,2
curve,1.186054,2
curve,1.125340,2
curve,1.195822,2
curve,1.145101,2
curve,1.134360,2
curve,1.138856,2
curve,1.129427,2
curve,1.189075,2
curve,1.160251,2
curve,1.200360,2
curve,1.124600,2
curve,1.124358,2
curve,1.164542,2
curve,1.117189,2
curve,1.148005,2
curve,1.145103,2
curve,1.200864,2
curve,1.121396,2
curve,1.117153,2
curve,1.128761,2
curve,1.146320,2
curve,1.246879,2
curve,1.152434,2
curve,1.117269,2
curve,1.163166,2
curve,1.136561,2
curve,1.111471,2
curve,1.134445,2
curve,1.169216,2
curve,1.112675,2
curve,1.243207,2
curve,1.123759,2
curve,1.136282,2
curve,1.157714,2
curve,1.146225,2
curve,1.111521,2
curve,1.265362,2
curve,1.181652,2
curve,1.160195,2
curve,1.123894,2
curve,1.196649,2
curve,1.112240,2
curve,1.126234,2
curve,1.168637,2
curve,1.171041,2
curve,1.166589,2
curve,1.166867,2
curve,1.149657,2
curve,1.201685,2
curve,1.218914,2
curve,1.183955,2
curve,1.127693,2
curve,1.182034,2
curve,1.187917,2
curve,1.242397,2
curve,1.229687,2
curve,1.211534,2
curve,1.143376,2
curve,1.113250,2
curve,1.186791,2
curve,1.104740,2
curve,1.158197,2
curve,1.204255,2
curve,1.107574,2
curve,1.129596,2
curve,1.166386,2
curve,1.172795,2
curve,1.301204,2
curve,1.132433,2
curve,1.258446,2
curve,1.117559,2
curve,1.176753,2
curve,1.140488,2
curve,1.281918,2
curve,1.137428,2
curve,1.197470,2
curve,1.132877,2
curve,1.114416,2
curve,1.215041,2
curve,1.120316,2
curve,1.138308,2
curve,1.126823,2
curve,1.164982,2
curve,1.195972,2
curve,1.123969,2
curve,1.263933,2
curve,1.163757,2
curve,1.175736,2
curve,1.104974,2
curve,1.194394,2
curve,1.138712,2
curve,1.104605,2
spiral,3.463600,3
spiral,2.563775,3
spiral,2.393354,3
spiral,2.405005,3
spiral,2.874728,3
spiral,3.471920,3
spiral,2.684787,3
spiral,3.863275,3
spiral,3.213316,3
spiral,2.775637,3
spiral,3.812485,3
spiral,2.468812,3
spiral,2.839112,3
spiral,3.637128,3
spiral,3.082423,3
spiral,2.998359,3
spiral,2.480490,3
spiral,2.438899,3
spiral,3.664437,3
spiral,3.345598,3
spiral,3.769998,3
spiral,3.229390,3
spiral,2.794830,3
spiral,3.102218,3
spiral,2.988168,3
spiral,3.177172,3
spiral,4.281941,3
spiral,2.489286,3
spiral,2.757656,3
spiral,2.758942,3
spiral,3.386741,3
spiral,3.073058,3
spiral,4.110655,3
spiral,2.923395,3
spiral,3.743744,3
spiral,2.462475,3
spiral,2.746410,3
spiral,2.985343,3
spiral,2.529104,3
spiral,3.503964,3
spiral,3.408280,3
spiral,2.593407,3
spiral,2.627464,3
spiral,2.525355,3
spiral,2.889256,3
spiral,2.628198,3
spiral,2.712898,3
spiral,3.327670,3
spiral,2.442667,3
spiral,2.548377,3
spiral,4.280511,3
spiral,2.514631,3
spiral,3.966318,3
spiral,3.689498,3
spiral,4.349185,3
spiral,3.799425,3
spiral,4.281225,3
spiral,3.239425,3
spiral,3.829180,3
spiral,3.484300,3
spiral,4.377383,3
spiral,2.670265,3
spiral,3.741744,3
spiral,3.940383,3
spiral,2.880412,3
spiral,2.638700,3
spiral,2.460810,3
spiral,2.712209,3
spiral,3.892723,3
spiral,2.904097,3
spiral,3.890528,3
spiral,2.840256,3
spiral,3.996471,3
spiral,4.379644,3
spiral,2.758018,3
spiral,2.459492,3
spiral,3.712760,3
spiral,2.498679,3
spiral,2.583737,3
spiral,2.872550,3
spiral,2.947192,3
spiral,2.825334,3
spiral,4.027566,3
spiral,2.941497,3
spiral,2.715973,3
spiral,4.283969,3
spiral,3.097281,3
spiral,2.521977,3
spiral,3.690558,3
spiral,2.472300,3
spiral,4.083035,3
spiral,3.626350,3
spiral,3.517619,3
spiral,2.631341,3
spiral,3.568702,3
spiral,2.611416,3
spiral,3.237119,3
spiral,2.776462,3
spiral,3.659174,3
spiral,2.832059,3
spiral,4.299210,3
spiral,2.833982,3
spiral,3.036121,3
spiral,3.638970,3
spiral,2.908638,3
spiral,3.133151,3
spiral,3.576203,3
spiral,3.758786,3
spiral,2.580034,3
spiral,3.738878,3
spiral,2.570092,3
spiral,4.005589,3
spiral,3.697154,3
spiral,2.683773,3
spiral,3.654444,3
spiral,2.481312,3
spiral,3.792036,3
spiral,2.835181,3
spiral,3.237200,3
spiral,3.095231,3
spiral,3.049880,3
spiral,2.521104,3
spiral,2.925332,3
spiral,4.533972,3
spiral,2.402353,3
spiral,2.883909,3
spiral,2.647500,3
spiral,2.869413,3
spiral,3.581487,3
spiral,2.506041,3
spiral,3.197268,3
spiral,4.112072,3
spiral,2.684028,3
spiral,2.586681,3
spiral,3.780707,3
spiral,3.714206,3
spiral,2.836680,3
spiral,4.123329,3
spiral,3.330359,3
spiral,2.543739,3
spiral,3.468130,3
spiral,3.804074,3
spiral,3.067981,3
spiral,4.213547,3
spiral,2.433907,3
spiral,4.226540,3
spiral,2.940444,3
spiral,2.923064,3
spiral,3.089853,3
spiral,3.372818,3
spiral,3.578163,3
spiral,2.603569,3
spiral,3.317464,3
spiral,2.785655,3
spiral,2.756368,3
spiral,2.871312,3
spiral,3.875937,3
spiral,3.504403,3
spiral,3.058445,3
spiral,2.481950,3
spiral,3.048677,3
spiral,2.475676,3
spiral,3.822534,3
spiral,3.329831,3
spiral,3.427264,3
spiral,4.355815,3
spiral,2.511845,3
spiral,3.151516,3
spiral,2.500051,3
spiral,2.922907,3
spiral,3.072189,3
spiral,3.588903,3
spiral,3.416975,3
spiral,4.338370,3
spiral,3.045624,3
spiral,3.697462,3
spiral,3.923499,3
spiral,2.700782,3
spiral,2.638543,3
spiral,3.679476,3
spiral,2.441708,3
spiral,4.196490,3
spiral,3.508436,3
spiral,2.862070,3
spiral,3.506329,3
spiral,2.770272,3
spiral,2.504738,3
spiral,2.540060,3
spiral,3.134314,3
spiral,3.311623,3
spiral,3.234499,3
spiral,2.544432,3
spiral,3.799893,3
spiral,2.487230,3
spiral,3.389784,3
spiral,2.915098,3
spiral,3.158618,3
spiral,3.015630,3
spiral,2.873292,3
spiral,3.697826,3
