generation,no_filter_b0.5_mean,no_filter_b0.5_std,ema_b0.5_mean,ema_b0.5_std,standard_filter_b0.5_mean,standard_filter_b0.5_std,hard_threshold_b0.5_mean,hard_threshold_b0.5_std,k_center_b0.5_mean,k_center_b0.5_std,dpp_b0.5_mean,dpp_b0.5_std,dst_b0.5_mean,dst_b0.5_std,l2ac_b0.5_mean,l2ac_b0.5_std,ours_b0.5_mean,ours_b0.5_std
1,0.999718,0.010052,0.094147,0.018717,0.094582,0.016981,0.093383,0.021580,0.094343,0.018486,0.094607,0.017931,0.094682,0.016964,0.094608,0.016967,1.140529,0.042712
2,0.997201,0.011830,0.183386,0.016610,0.174220,0.012739,0.158508,0.024432,0.173647,0.012934,0.173836,0.013098,0.174362,0.012733,0.126610,0.014118,1.619547,0.061835
3,0.997177,0.016389,0.264408,0.014442,0.238352,0.009288,0.204832,0.024609,0.240095,0.010696,0.239581,0.010962,0.238452,0.009277,0.137844,0.011709,1.796509,0.083755
4,1.014123,0.013356,0.339247,0.013653,0.293256,0.008586,0.244251,0.025050,0.293788,0.010881,0.293288,0.011641,0.293274,0.008646,0.151294,0.015717,1.825977,0.106320
5,1.007930,0.012745,0.406011,0.012477,0.335844,0.007613,0.272698,0.022621,0.339066,0.007360,0.338425,0.008626,0.335742,0.007729,0.161727,0.021287,1.784869,0.132174
6,1.001204,0.013570,0.465447,0.011636,0.368540,0.007110,0.294028,0.019474,0.369578,0.006093,0.370971,0.008306,0.368314,0.007253,0.166000,0.018848,1.710041,0.159498
7,0.993103,0.011548,0.518159,0.011037,0.393022,0.007162,0.308043,0.019095,0.394973,0.008673,0.395685,0.010414,0.392652,0.007315,0.165336,0.020957,1.616570,0.185550
8,0.998332,0.012972,0.566148,0.010474,0.413667,0.006781,0.321566,0.020054,0.415009,0.011161,0.416315,0.012402,0.413159,0.007072,0.167493,0.026585,1.513066,0.211619
9,1.003692,0.002801,0.609843,0.009247,0.431110,0.005166,0.331406,0.020114,0.432859,0.008274,0.433347,0.011464,0.430429,0.005563,0.162822,0.021363,1.402612,0.238426
10,0.996276,0.011864,0.648439,0.008148,0.443536,0.004287,0.337942,0.020634,0.445173,0.009430,0.445305,0.009550,0.442692,0.004510,0.159878,0.017589,1.287854,0.264907
11,0.999383,0.020774,0.683498,0.007767,0.454031,0.005887,0.343083,0.021293,0.455298,0.011081,0.456651,0.009433,0.453015,0.005924,0.165550,0.023312,1.170687,0.289418
12,1.009371,0.017522,0.716041,0.006809,0.464326,0.004517,0.350408,0.017760,0.462993,0.007291,0.466053,0.008512,0.463205,0.004638,0.175185,0.010211,1.051877,0.309822
13,1.004720,0.013189,0.744870,0.005901,0.471492,0.003793,0.353949,0.018537,0.469689,0.004241,0.472279,0.006107,0.470196,0.004228,0.169306,0.006405,0.933268,0.322507
14,1.004640,0.012430,0.770805,0.005968,0.477112,0.003717,0.357318,0.016291,0.475748,0.003315,0.477169,0.005968,0.475672,0.004203,0.166435,0.009487,0.818148,0.325307
15,0.997976,0.012749,0.793476,0.005237,0.480118,0.002590,0.357472,0.016007,0.478184,0.005134,0.480538,0.007715,0.478477,0.003490,0.161313,0.015380,0.707862,0.318165
16,0.995978,0.010207,0.813674,0.004185,0.481923,0.002024,0.357371,0.015911,0.482316,0.006504,0.485598,0.008627,0.480141,0.001884,0.162138,0.013230,0.605199,0.301078
17,0.997185,0.010480,0.831984,0.003318,0.483568,0.003694,0.357244,0.015994,0.485097,0.009070,0.485449,0.010855,0.481639,0.002844,0.160164,0.015922,0.515463,0.268691
18,0.998559,0.016221,0.848604,0.003652,0.485123,0.004924,0.359260,0.015412,0.487269,0.006762,0.487567,0.008131,0.483138,0.004422,0.169780,0.014111,0.440749,0.222744
19,1.003040,0.007232,0.863979,0.003015,0.486855,0.004871,0.360256,0.014754,0.487526,0.008672,0.488545,0.008325,0.484688,0.003984,0.163863,0.011580,0.378319,0.174540
20,0.993426,0.015162,0.876885,0.003256,0.486110,0.004726,0.359574,0.016554,0.487758,0.005063,0.488404,0.005931,0.483814,0.005062,0.161454,0.009412,0.327786,0.128529
21,1.001841,0.016987,0.889330,0.003802,0.487090,0.006605,0.360511,0.016400,0.493760,0.009689,0.492345,0.008646,0.484532,0.006882,0.168751,0.013092,0.288744,0.087014
22,1.011266,0.013236,0.901487,0.004232,0.489462,0.007753,0.362324,0.018285,0.497639,0.010425,0.496678,0.008191,0.486598,0.008357,0.168823,0.015020,0.258905,0.059322
23,0.997840,0.008118,0.911086,0.003449,0.488407,0.006955,0.360421,0.016729,0.496203,0.009685,0.495191,0.006093,0.485224,0.007259,0.160079,0.011316,0.239086,0.049372
24,1.001577,0.024820,0.920101,0.003910,0.488205,0.006659,0.360317,0.017581,0.497315,0.011890,0.495439,0.009182,0.484671,0.007577,0.160605,0.030140,0.229430,0.044847
25,0.997022,0.005576,0.927764,0.003405,0.486951,0.005241,0.359309,0.016347,0.494684,0.011207,0.493584,0.008547,0.483006,0.006232,0.162173,0.022805,0.221874,0.042299
26,1.000210,0.013004,0.934975,0.002124,0.486544,0.005558,0.359148,0.014625,0.493527,0.010513,0.492571,0.008260,0.482065,0.004822,0.163508,0.019207,0.210936,0.043687
27,1.003759,0.014415,0.941815,0.002061,0.486624,0.005721,0.359802,0.013768,0.495911,0.006185,0.494689,0.006985,0.481561,0.004578,0.171187,0.008183,0.198175,0.049348
28,0.991788,0.013769,0.946773,0.002121,0.484163,0.005096,0.357794,0.014692,0.495672,0.004572,0.495510,0.005970,0.478284,0.004474,0.168188,0.019332,0.189345,0.057237
29,1.001977,0.015576,0.952256,0.001966,0.484096,0.004112,0.358438,0.012492,0.499438,0.006755,0.497549,0.006682,0.477280,0.003831,0.168122,0.022108,0.185918,0.060419
30,1.005212,0.017009,0.957511,0.003019,0.484612,0.005615,0.359187,0.013249,0.504875,0.005157,0.500915,0.005204,0.476712,0.006771,0.177465,0.024150,0.181318,0.056532
31,1.003515,0.012479,0.962088,0.003023,0.484458,0.005268,0.358492,0.014803,0.506806,0.007011,0.503142,0.008571,0.474974,0.006523,0.175845,0.021706,0.169224,0.054903
32,1.000315,0.010761,0.965879,0.003251,0.483703,0.005711,0.358813,0.013327,0.503281,0.007636,0.500826,0.007748,0.472803,0.006876,0.164802,0.027897,0.152630,0.055891
33,0.999630,0.011137,0.969215,0.002954,0.482996,0.005081,0.358189,0.014464,0.502013,0.009290,0.501140,0.008882,0.470329,0.007229,0.169642,0.022005,0.139541,0.056251
34,0.994924,0.009710,0.971755,0.002935,0.481363,0.005248,0.356862,0.012604,0.501046,0.010759,0.501612,0.008695,0.466688,0.008173,0.167664,0.017467,0.134007,0.057406
35,0.992924,0.008149,0.973838,0.002577,0.479755,0.003695,0.355277,0.011410,0.497968,0.010525,0.498350,0.009016,0.462976,0.007634,0.160494,0.019563,0.135354,0.055573
36,1.001704,0.009617,0.976577,0.001957,0.480298,0.002931,0.355986,0.009859,0.498242,0.011087,0.500012,0.008250,0.461390,0.006207,0.167706,0.017575,0.136604,0.050875
37,0.997774,0.011728,0.978650,0.002673,0.479910,0.003778,0.356402,0.008743,0.496549,0.010661,0.498231,0.007221,0.458674,0.005092,0.164334,0.015221,0.132943,0.045964
38,1.002734,0.008105,0.981010,0.002331,0.480700,0.003491,0.356488,0.008818,0.497929,0.009338,0.497809,0.007706,0.456873,0.005403,0.167138,0.015899,0.123422,0.042002
39,1.000288,0.007794,0.982903,0.002266,0.480865,0.003731,0.356082,0.011062,0.500045,0.007426,0.499317,0.006083,0.454360,0.006821,0.162088,0.021684,0.109750,0.039584
40,0.994882,0.011761,0.984055,0.002247,0.480130,0.003242,0.356270,0.008539,0.497055,0.005620,0.497197,0.005374,0.450896,0.006737,0.160835,0.010363,0.095427,0.037741
41,0.999720,0.015908,0.985573,0.003027,0.480410,0.004338,0.355900,0.007946,0.500107,0.009008,0.499498,0.006761,0.448467,0.007490,0.165249,0.009072,0.084519,0.035068
42,0.999963,0.012744,0.986989,0.002724,0.480549,0.003545,0.354342,0.007528,0.500209,0.007716,0.500567,0.007100,0.444856,0.008101,0.160850,0.011973,0.079495,0.030014
43,0.995611,0.012748,0.987815,0.002904,0.480054,0.003534,0.353747,0.006598,0.500702,0.007324,0.500531,0.006910,0.441738,0.006416,0.167191,0.025881,0.076954,0.026450
44,0.998894,0.013512,0.988875,0.002374,0.480431,0.003477,0.354728,0.009109,0.498502,0.006577,0.498999,0.007808,0.439480,0.006249,0.163304,0.016856,0.073996,0.025572
45,0.995685,0.012101,0.989529,0.002244,0.480063,0.004339,0.353557,0.010627,0.500984,0.004661,0.500586,0.006624,0.436133,0.007834,0.164282,0.010761,0.071617,0.022042
46,1.004034,0.011406,0.990945,0.002040,0.481444,0.002794,0.353433,0.007877,0.501934,0.008968,0.501990,0.007904,0.434653,0.008902,0.172480,0.017589,0.069747,0.018616
47,1.002231,0.013154,0.992037,0.002314,0.482398,0.003691,0.355033,0.009384,0.501436,0.008133,0.499492,0.006443,0.432847,0.008602,0.173324,0.016021,0.069154,0.016473
48,0.997899,0.014378,0.992581,0.001715,0.482183,0.002090,0.353731,0.005593,0.503943,0.005345,0.501872,0.005841,0.429338,0.010066,0.169658,0.009742,0.069390,0.015459
49,0.991812,0.009848,0.992471,0.002050,0.480799,0.002915,0.353188,0.007340,0.498428,0.008138,0.498083,0.007405,0.424418,0.011025,0.158496,0.011359,0.068647,0.017448
50,1.005944,0.013293,0.993802,0.002610,0.482648,0.003959,0.354744,0.006132,0.500550,0.007007,0.500776,0.007697,0.423400,0.010125,0.171305,0.012908,0.066412,0.020037
51,1.005594,0.009344,0.994955,0.002504,0.483890,0.004553,0.356011,0.008367,0.500238,0.008702,0.501741,0.005930,0.420667,0.012622,0.164271,0.015363,0.062967,0.019889
52,1.000062,0.017912,0.995431,0.002865,0.483833,0.005138,0.355973,0.009352,0.497568,0.009538,0.499677,0.008290,0.417167,0.016666,0.170813,0.021102,0.058282,0.017462
53,0.991406,0.011600,0.994975,0.002648,0.481995,0.004409,0.353941,0.010071,0.495217,0.010484,0.498417,0.008161,0.411588,0.017204,0.166261,0.020357,0.052720,0.015031
54,1.005792,0.008414,0.996020,0.002551,0.483277,0.003466,0.354938,0.009147,0.499227,0.009924,0.502920,0.004771,0.409728,0.015041,0.170970,0.013654,0.047316,0.014524
55,1.000859,0.011953,0.996450,0.002180,0.483319,0.002203,0.355471,0.008168,0.500054,0.008755,0.502602,0.004473,0.405464,0.013713,0.161364,0.019775,0.044248,0.014452
56,1.006372,0.013104,0.997396,0.001933,0.484123,0.002646,0.355363,0.008764,0.502324,0.007447,0.504265,0.004525,0.401345,0.015713,0.164437,0.022803,0.044225,0.013840
57,0.991203,0.010896,0.996747,0.002054,0.481958,0.003009,0.353211,0.009542,0.503094,0.008607,0.502123,0.005394,0.395783,0.016616,0.160108,0.018295,0.045740,0.013843
58,1.004603,0.010902,0.997488,0.002032,0.482852,0.002938,0.355241,0.010000,0.505193,0.008401,0.502516,0.004537,0.393022,0.017863,0.161619,0.024174,0.047517,0.014374
59,0.998095,0.014809,0.997527,0.002204,0.482180,0.003088,0.354651,0.009048,0.507572,0.010959,0.502676,0.005394,0.388747,0.018092,0.161520,0.023002,0.048384,0.013578
60,1.001012,0.009919,0.997845,0.002336,0.481974,0.003999,0.353443,0.009217,0.507358,0.010494,0.502709,0.006465,0.384190,0.016527,0.160443,0.015136,0.047941,0.011709
61,1.003315,0.009766,0.998356,0.002247,0.482319,0.002720,0.353026,0.007535,0.507465,0.012592,0.503526,0.008816,0.381738,0.015883,0.165469,0.014680,0.045747,0.011817
62,0.994589,0.012266,0.997931,0.002823,0.481015,0.003802,0.352293,0.007641,0.504440,0.013598,0.500335,0.008408,0.378792,0.015807,0.173202,0.013656,0.042537,0.014056
63,0.999093,0.011266,0.998009,0.003219,0.480616,0.004029,0.351998,0.008624,0.505939,0.013778,0.500331,0.008760,0.375781,0.015362,0.167331,0.013513,0.039738,0.015363
64,1.001243,0.008113,0.998275,0.003396,0.480576,0.004194,0.352226,0.008968,0.503254,0.011336,0.499747,0.007401,0.372046,0.014826,0.160596,0.008641,0.038223,0.014366
65,1.006964,0.010939,0.999112,0.003818,0.481732,0.005079,0.353204,0.009737,0.504776,0.011527,0.503684,0.007481,0.371151,0.013741,0.165345,0.009294,0.037800,0.011902
66,0.997700,0.008360,0.998952,0.003315,0.480562,0.004133,0.352126,0.009668,0.503127,0.007252,0.501565,0.006751,0.367119,0.013920,0.161153,0.012359,0.037724,0.009413
67,1.005510,0.006718,0.999559,0.002904,0.481464,0.002956,0.353505,0.006997,0.503488,0.008493,0.502438,0.007365,0.367435,0.013775,0.164474,0.008055,0.037848,0.008189
68,0.998879,0.010692,0.999463,0.003346,0.480389,0.003573,0.352216,0.006972,0.502587,0.007777,0.502457,0.006958,0.362720,0.016127,0.156562,0.017881,0.037917,0.008510
69,0.997635,0.011536,0.999229,0.002825,0.479489,0.003777,0.351017,0.006335,0.503854,0.006114,0.501701,0.005287,0.361732,0.013966,0.164967,0.011591,0.037757,0.009296
70,1.008021,0.014568,1.000066,0.002562,0.480858,0.004892,0.353301,0.008218,0.508482,0.006530,0.502398,0.006137,0.361706,0.013124,0.161294,0.015937,0.037367,0.009846
71,0.997167,0.016411,0.999730,0.002730,0.479666,0.006184,0.351781,0.009046,0.505203,0.005535,0.499032,0.006849,0.357266,0.013915,0.155202,0.016575,0.036998,0.009860
72,0.993035,0.011813,0.999033,0.002461,0.478322,0.005324,0.351525,0.008314,0.501239,0.007049,0.497349,0.007271,0.356975,0.011986,0.164660,0.014590,0.036990,0.009424
73,1.004753,0.008510,0.999571,0.001884,0.479368,0.004575,0.353116,0.007827,0.501990,0.006372,0.499225,0.008966,0.356567,0.011243,0.166062,0.015153,0.036864,0.008833
74,0.998105,0.010763,0.999398,0.002039,0.478856,0.005082,0.353436,0.009105,0.502270,0.009781,0.500909,0.009455,0.356627,0.011044,0.171812,0.017636,0.036507,0.008363
75,0.995629,0.011659,0.998977,0.002524,0.477614,0.005442,0.351899,0.009121,0.501687,0.008651,0.502931,0.007527,0.353440,0.011700,0.167779,0.017492,0.035661,0.007922
76,1.000926,0.016904,0.999140,0.003441,0.477751,0.007220,0.351093,0.012013,0.503819,0.010723,0.502793,0.008640,0.352330,0.013217,0.172493,0.016803,0.034464,0.007451
77,0.997274,0.018053,0.998924,0.003023,0.476949,0.005184,0.349608,0.008906,0.503351,0.009064,0.503086,0.007763,0.349563,0.013285,0.167231,0.010108,0.033180,0.007519
78,1.000088,0.016507,0.999000,0.003333,0.476778,0.005865,0.348575,0.010147,0.502844,0.005828,0.503117,0.004960,0.347126,0.018463,0.167566,0.016972,0.031933,0.008263
79,0.995076,0.011776,0.998581,0.002505,0.476189,0.004570,0.348490,0.008901,0.499129,0.006125,0.499427,0.006340,0.345997,0.019029,0.166630,0.017881,0.030796,0.009315
80,1.001931,0.008003,0.998876,0.002027,0.476943,0.003892,0.349934,0.007500,0.501023,0.005668,0.501078,0.006363,0.347636,0.017299,0.173836,0.011644,0.029910,0.009906
81,1.001882,0.011392,0.999150,0.002150,0.477108,0.004803,0.350689,0.006510,0.499805,0.006661,0.500153,0.006646,0.343549,0.021219,0.164080,0.013999,0.029274,0.009514
82,1.008482,0.013138,1.000048,0.002981,0.478783,0.005873,0.352946,0.007543,0.501768,0.007869,0.502054,0.008650,0.346057,0.019944,0.178767,0.011245,0.029033,0.008648
83,0.987315,0.013820,0.998741,0.003182,0.475867,0.006642,0.350349,0.008286,0.500811,0.011350,0.501194,0.008624,0.343561,0.020026,0.171176,0.015813,0.029082,0.007671
84,0.999319,0.016265,0.998777,0.003331,0.475659,0.007091,0.349394,0.006165,0.499379,0.007606,0.499532,0.008227,0.341080,0.019851,0.163262,0.016096,0.029625,0.007015
85,1.006060,0.011549,0.999474,0.003583,0.476737,0.006580,0.350731,0.006191,0.501047,0.008144,0.500813,0.006040,0.340945,0.020999,0.167437,0.016813,0.030738,0.006743
86,0.997472,0.016749,0.999248,0.002460,0.476209,0.005427,0.351242,0.006541,0.499056,0.009075,0.499305,0.004825,0.340845,0.017692,0.168512,0.016251,0.032027,0.006771
87,1.001113,0.011089,0.999398,0.001416,0.476503,0.003273,0.352510,0.005988,0.497091,0.010024,0.497765,0.004733,0.339921,0.017728,0.164869,0.017919,0.033323,0.006947
88,1.007724,0.017235,1.000193,0.001883,0.477848,0.004575,0.353907,0.006684,0.498526,0.011717,0.500373,0.006864,0.340343,0.016114,0.170733,0.014254,0.034269,0.006979
89,1.001467,0.011544,1.000289,0.002284,0.477324,0.005949,0.354001,0.007543,0.500563,0.010260,0.503266,0.008250,0.336948,0.020601,0.169397,0.019410,0.034318,0.006920
90,0.999393,0.015041,1.000156,0.001893,0.476534,0.004094,0.353719,0.005499,0.497065,0.008607,0.502186,0.008242,0.333349,0.021953,0.173500,0.024590,0.033671,0.006916
91,1.006791,0.014407,1.000791,0.001848,0.477298,0.004578,0.353808,0.003169,0.498139,0.007274,0.502417,0.007321,0.334507,0.025163,0.178941,0.018671,0.032455,0.006892
92,1.002931,0.014505,1.000960,0.001301,0.477037,0.002680,0.354359,0.005059,0.497810,0.007128,0.503399,0.008090,0.330624,0.025983,0.168138,0.014292,0.031110,0.006766
93,1.006471,0.012064,1.001487,0.001727,0.477888,0.002343,0.356874,0.006464,0.498236,0.010132,0.503973,0.009132,0.332798,0.024094,0.173806,0.017909,0.030123,0.006530
94,0.992471,0.013790,1.000533,0.002637,0.475208,0.002216,0.354374,0.007740,0.495155,0.009471,0.502673,0.011234,0.327998,0.026301,0.168328,0.014149,0.029605,0.006172
95,1.000774,0.008936,1.000516,0.002997,0.474655,0.002887,0.353632,0.007843,0.497763,0.013161,0.502762,0.012174,0.324473,0.027766,0.166788,0.016759,0.029531,0.006045
96,0.998786,0.013499,1.000307,0.002583,0.474179,0.003412,0.353860,0.006457,0.498408,0.011001,0.501899,0.010510,0.321792,0.030397,0.171664,0.013200,0.029910,0.006173
97,0.999774,0.012145,1.000196,0.002991,0.473703,0.004583,0.354686,0.006853,0.498900,0.008834,0.500433,0.007671,0.315634,0.035332,0.172469,0.010643,0.030405,0.006732
98,1.000674,0.015903,1.000209,0.002809,0.473293,0.004989,0.353876,0.005675,0.497100,0.005627,0.501076,0.008127,0.309751,0.035981,0.169201,0.014161,0.031073,0.007416
99,0.997723,0.008895,0.999910,0.002748,0.472184,0.004120,0.352861,0.006972,0.495420,0.006260,0.498341,0.008136,0.300074,0.038019,0.156993,0.016728,0.031681,0.007863
100,0.999514,0.014018,0.999832,0.001850,0.472071,0.003350,0.353803,0.008010,0.496339,0.007302,0.498587,0.009029,0.296778,0.039957,0.165096,0.012368,0.032021,0.008033
101,0.998921,0.008677,0.999702,0.001607,0.471439,0.003398,0.353882,0.006702,0.497898,0.007963,0.500812,0.009270,0.289658,0.044764,0.161761,0.012027,0.032054,0.007995
102,0.992111,0.015286,0.998906,0.002094,0.469736,0.005052,0.352965,0.007845,0.495440,0.005911,0.498701,0.008234,0.284044,0.044395,0.164229,0.009143,0.031737,0.007808
103,1.004054,0.018793,0.999381,0.003265,0.470517,0.004419,0.354861,0.008679,0.495840,0.005919,0.498160,0.008076,0.277569,0.051168,0.164190,0.020394,0.031037,0.007524
104,1.002318,0.017241,0.999630,0.003430,0.470829,0.006329,0.355921,0.007862,0.495698,0.007201,0.498500,0.007582,0.273870,0.050175,0.165766,0.014377,0.030556,0.007329
105,1.007584,0.007960,1.000393,0.003509,0.471508,0.007530,0.355992,0.008120,0.498889,0.009362,0.500042,0.009686,0.268144,0.050714,0.163863,0.012820,0.030164,0.007202
106,1.002378,0.015609,1.000565,0.003748,0.470628,0.005796,0.354583,0.007165,0.498817,0.009712,0.497626,0.009699,0.261015,0.050315,0.156792,0.010531,0.029976,0.007178
107,1.000602,0.016409,1.000518,0.004082,0.470205,0.005491,0.354748,0.007353,0.502633,0.012067,0.503149,0.011443,0.260222,0.052052,0.164408,0.014389,0.030189,0.007147
108,1.001150,0.013982,1.000538,0.003977,0.469271,0.005610,0.354773,0.007004,0.502092,0.010957,0.502209,0.009951,0.255048,0.050612,0.158929,0.013735,0.030578,0.007110
109,0.991463,0.019019,0.999593,0.004358,0.467341,0.004869,0.354823,0.010261,0.503419,0.009067,0.501972,0.007502,0.257962,0.050945,0.169501,0.012332,0.030716,0.006980
110,1.003735,0.009455,0.999973,0.003401,0.467510,0.006760,0.355247,0.008682,0.503078,0.006307,0.502329,0.005283,0.256568,0.053516,0.171320,0.013174,0.030703,0.006888
111,1.007526,0.017278,1.000693,0.003511,0.468113,0.007483,0.355863,0.008613,0.505632,0.004011,0.504647,0.004541,0.256508,0.054711,0.170466,0.011117,0.030710,0.006766
112,1.000054,0.009772,1.000589,0.003493,0.467567,0.007315,0.356645,0.010501,0.504861,0.005585,0.504173,0.004240,0.257067,0.060442,0.174568,0.012806,0.030665,0.006593
113,1.002099,0.017101,1.000713,0.003146,0.466776,0.007493,0.355756,0.013295,0.506464,0.007650,0.504437,0.005360,0.257389,0.061209,0.171693,0.017393,0.030462,0.006416
114,0.993968,0.010380,0.999997,0.002734,0.464783,0.008398,0.354599,0.012762,0.504082,0.006970,0.501892,0.007829,0.257160,0.062487,0.163075,0.014596,0.030306,0.006326
115,1.005438,0.011162,1.000506,0.002217,0.464881,0.007713,0.354934,0.011870,0.505646,0.006273,0.503180,0.006164,0.259506,0.066502,0.162613,0.013927,0.030511,0.006421
116,0.996238,0.012693,1.000037,0.002652,0.463392,0.006617,0.354595,0.010749,0.502863,0.009085,0.500749,0.008681,0.257738,0.073179,0.157889,0.013888,0.030540,0.006459
117,0.997982,0.010868,0.999783,0.002624,0.462321,0.007777,0.354504,0.010313,0.502358,0.010607,0.500371,0.007107,0.262297,0.073814,0.161526,0.011519,0.030451,0.006654
118,1.000591,0.010370,0.999813,0.003031,0.461585,0.008334,0.354203,0.008663,0.504271,0.007515,0.500591,0.005744,0.261708,0.080469,0.161045,0.014801,0.030564,0.006831
119,1.004879,0.014447,1.000295,0.003108,0.461326,0.009154,0.354165,0.009672,0.505767,0.006240,0.502306,0.004142,0.269384,0.080244,0.167255,0.027316,0.030764,0.006964
120,0.998003,0.014399,1.000034,0.003207,0.460603,0.007110,0.354958,0.010159,0.502529,0.004883,0.502420,0.004097,0.272495,0.082711,0.166152,0.019216,0.030998,0.007203
121,1.005609,0.012197,1.000560,0.002826,0.461291,0.009464,0.356224,0.009750,0.503456,0.007046,0.501778,0.004917,0.276475,0.086393,0.169404,0.010587,0.030998,0.007304
122,1.000937,0.015990,1.000560,0.002651,0.460971,0.009489,0.356198,0.008923,0.505958,0.005146,0.502821,0.003743,0.282487,0.088516,0.176341,0.008529,0.030958,0.007312
123,0.992800,0.014858,0.999751,0.003621,0.457976,0.009181,0.354067,0.010908,0.503706,0.006575,0.499990,0.005564,0.284430,0.088159,0.168684,0.014763,0.030891,0.007315
124,0.999048,0.005362,0.999640,0.003330,0.457216,0.009399,0.354173,0.010663,0.498938,0.006955,0.499299,0.006360,0.286073,0.091029,0.163380,0.011890,0.030779,0.007388
125,0.997368,0.013456,0.999367,0.002499,0.456001,0.010270,0.353689,0.008575,0.497206,0.008050,0.497468,0.008950,0.286146,0.095358,0.157418,0.013784,0.030725,0.007281
126,1.003784,0.013824,0.999777,0.002893,0.456377,0.010600,0.354832,0.007955,0.498656,0.010838,0.499486,0.009609,0.288728,0.100506,0.162460,0.011160,0.030578,0.007073
127,1.001083,0.014980,0.999879,0.002455,0.455260,0.012891,0.354399,0.007042,0.500814,0.010514,0.499832,0.008294,0.291946,0.097095,0.162529,0.015585,0.030586,0.006851
128,0.997738,0.012787,0.999628,0.002313,0.453781,0.014652,0.354261,0.004214,0.498402,0.014102,0.497785,0.011921,0.294333,0.098724,0.165590,0.016676,0.030539,0.006774
129,1.004174,0.009841,1.000018,0.001949,0.453338,0.014746,0.356026,0.004456,0.497380,0.011059,0.496487,0.008397,0.294606,0.102324,0.163021,0.011069,0.030430,0.006618
130,1.000110,0.013126,0.999989,0.001851,0.451206,0.017567,0.355205,0.002557,0.496493,0.008901,0.496558,0.009099,0.292852,0.104272,0.158789,0.015079,0.030240,0.006664
131,0.999159,0.009221,0.999864,0.002290,0.449600,0.019160,0.355121,0.004460,0.497475,0.013054,0.498798,0.012630,0.294863,0.105052,0.165868,0.027150,0.030350,0.006848
132,0.995248,0.015818,0.999380,0.002999,0.448330,0.020940,0.355653,0.006791,0.497366,0.011878,0.498097,0.011290,0.298617,0.101608,0.166914,0.020736,0.030546,0.006923
133,0.995017,0.008561,0.998891,0.002432,0.446378,0.020687,0.354402,0.007077,0.500537,0.008584,0.499240,0.010101,0.304283,0.097089,0.173322,0.014347,0.030713,0.006959
134,1.007722,0.009752,0.999737,0.002399,0.446628,0.019759,0.355010,0.005002,0.501365,0.008153,0.501818,0.008875,0.308087,0.094804,0.174912,0.012528,0.030849,0.006943
135,1.003510,0.013296,1.000091,0.002087,0.446876,0.019606,0.356347,0.005057,0.500282,0.008599,0.502632,0.007933,0.312951,0.091318,0.174781,0.014081,0.030812,0.006903
136,0.996605,0.012067,0.999712,0.001853,0.444392,0.019965,0.354630,0.005083,0.500393,0.008513,0.501905,0.006300,0.313654,0.088748,0.167246,0.020404,0.030645,0.006783
137,0.995328,0.021918,0.999237,0.002216,0.442884,0.018512,0.355042,0.007145,0.498095,0.009475,0.499896,0.008206,0.314597,0.087733,0.162604,0.020028,0.030522,0.006821
138,0.996849,0.012270,0.998961,0.002975,0.441361,0.019044,0.355414,0.006211,0.497471,0.008887,0.499190,0.008476,0.315249,0.089235,0.159030,0.019117,0.030377,0.006876
139,1.005616,0.011682,0.999596,0.002995,0.439820,0.020764,0.354705,0.005657,0.498060,0.011814,0.500221,0.010239,0.313910,0.092608,0.157713,0.014844,0.030409,0.006995
140,0.999482,0.013091,0.999548,0.002986,0.437914,0.022914,0.354520,0.007884,0.498366,0.010982,0.499392,0.010888,0.312849,0.093976,0.158368,0.022540,0.030667,0.007056
141,0.996346,0.016278,0.999199,0.003852,0.435497,0.023467,0.352887,0.010481,0.498707,0.011105,0.500109,0.010158,0.313157,0.092885,0.160861,0.017790,0.030761,0.007069
142,1.001143,0.009900,0.999345,0.003245,0.434411,0.023520,0.353653,0.008115,0.497777,0.008720,0.499388,0.008766,0.312267,0.097212,0.164223,0.012780,0.030752,0.007081
143,0.992043,0.011876,0.998586,0.002642,0.430310,0.025067,0.350759,0.005093,0.495727,0.005414,0.496859,0.007776,0.307031,0.099304,0.149990,0.010240,0.030811,0.006952
144,0.999867,0.003197,0.998695,0.002360,0.429738,0.025092,0.351802,0.005612,0.498700,0.005284,0.497141,0.007058,0.310279,0.097336,0.165728,0.013005,0.030680,0.006832
145,1.002457,0.014791,0.999023,0.002496,0.429220,0.023387,0.352755,0.007058,0.501046,0.007792,0.499406,0.006679,0.312024,0.097612,0.169248,0.009649,0.030480,0.006719
146,1.010256,0.008813,1.000103,0.002396,0.429098,0.025379,0.354055,0.006157,0.504686,0.009602,0.503724,0.006859,0.314835,0.092709,0.170499,0.010828,0.030374,0.006750
147,1.010783,0.009275,1.001104,0.002273,0.429074,0.027281,0.355048,0.006212,0.505449,0.009588,0.504358,0.007377,0.317697,0.087925,0.171459,0.018618,0.030642,0.006806
148,1.008270,0.011754,1.001761,0.002887,0.428078,0.029161,0.356070,0.006551,0.505148,0.007331,0.504387,0.006823,0.317706,0.086597,0.166032,0.011803,0.030733,0.006979
149,0.995277,0.014395,1.001088,0.003539,0.425638,0.029568,0.354795,0.006230,0.503102,0.010779,0.502603,0.009444,0.319271,0.084105,0.170086,0.013597,0.030633,0.007094
150,1.007869,0.011485,1.001725,0.004267,0.423792,0.031973,0.355209,0.007424,0.502615,0.012017,0.501861,0.011455,0.318203,0.079915,0.164002,0.023046,0.030710,0.007083
151,0.996377,0.013084,1.001144,0.004568,0.420351,0.031565,0.353248,0.006138,0.502931,0.011138,0.501622,0.010755,0.317475,0.076432,0.165094,0.014791,0.030728,0.006932
152,1.001270,0.011755,1.001105,0.004640,0.416097,0.031661,0.351101,0.005594,0.502280,0.008674,0.502029,0.008972,0.312599,0.077632,0.154619,0.015140,0.030624,0.006876
153,1.008958,0.018179,1.001858,0.005678,0.415209,0.033886,0.352290,0.007201,0.500239,0.011277,0.501364,0.010899,0.313161,0.078246,0.158661,0.012723,0.030382,0.006803
154,0.997714,0.013723,1.001419,0.005645,0.411679,0.034245,0.351348,0.007663,0.498117,0.010749,0.499127,0.011298,0.312652,0.074864,0.151163,0.013438,0.030449,0.006832
155,0.995414,0.011413,1.000794,0.005218,0.408368,0.033980,0.349829,0.007211,0.495421,0.013441,0.497791,0.012446,0.311772,0.074580,0.145824,0.017809,0.030693,0.006923
156,0.998231,0.014288,1.000490,0.004867,0.405572,0.033413,0.349082,0.008236,0.495810,0.009667,0.497313,0.013456,0.313870,0.073111,0.160497,0.021770,0.030940,0.007005
157,1.000823,0.014346,1.000485,0.004755,0.402766,0.035842,0.349051,0.010413,0.495042,0.010444,0.495593,0.013493,0.314255,0.069280,0.156073,0.024595,0.030883,0.007123
158,1.005796,0.012058,1.000985,0.003646,0.402414,0.038332,0.350979,0.010118,0.496215,0.009424,0.497477,0.011598,0.318606,0.065795,0.165647,0.025541,0.030850,0.007104
159,1.002400,0.017587,1.001100,0.003872,0.399303,0.040227,0.349572,0.009214,0.499952,0.010184,0.500839,0.012256,0.317686,0.067438,0.157527,0.022840,0.030535,0.006954
160,0.995796,0.013938,1.000531,0.003282,0.397471,0.039571,0.348989,0.009009,0.499744,0.008210,0.499488,0.008593,0.317930,0.067155,0.158164,0.025346,0.030506,0.006966
161,0.993844,0.004744,0.999816,0.002605,0.393378,0.038739,0.347795,0.007781,0.495382,0.010288,0.494953,0.009354,0.315986,0.065024,0.149684,0.021980,0.030373,0.006798
162,0.998686,0.012915,0.999672,0.002048,0.388680,0.038779,0.345131,0.006804,0.499900,0.007580,0.496524,0.006012,0.314388,0.062044,0.151454,0.020284,0.030634,0.006852
163,0.998624,0.013106,0.999553,0.001994,0.385729,0.037476,0.345340,0.005787,0.499888,0.008820,0.497740,0.007828,0.314146,0.062683,0.155971,0.022593,0.030752,0.006965
164,1.005462,0.010333,1.000113,0.002281,0.383463,0.037370,0.346299,0.005912,0.500509,0.012336,0.499629,0.010170,0.310615,0.067838,0.149869,0.019509,0.030805,0.007037
165,1.005801,0.017597,1.000658,0.003514,0.381943,0.039810,0.348325,0.007023,0.496878,0.014657,0.496534,0.012710,0.310303,0.067073,0.147076,0.023032,0.030812,0.007050
166,0.991758,0.014530,0.999723,0.003634,0.377726,0.040600,0.345984,0.008054,0.494452,0.012043,0.492333,0.010129,0.308843,0.066721,0.146803,0.023761,0.030572,0.007064
167,1.007651,0.008178,1.000480,0.003421,0.376369,0.040835,0.347007,0.006004,0.498059,0.010446,0.495420,0.009291,0.310107,0.062677,0.145349,0.014650,0.030594,0.006989
168,1.009049,0.011255,1.001302,0.002361,0.375492,0.040973,0.348727,0.004360,0.501370,0.009768,0.498880,0.008093,0.316293,0.057398,0.156779,0.025165,0.030513,0.006934
169,1.000108,0.017668,1.001147,0.003219,0.373097,0.038116,0.348294,0.005858,0.500089,0.005997,0.497824,0.006257,0.319001,0.056306,0.155464,0.024201,0.030578,0.006992
170,0.995940,0.010168,1.000596,0.002570,0.368274,0.038174,0.346438,0.004540,0.500336,0.006637,0.497820,0.006263,0.319722,0.055880,0.146952,0.024235,0.030599,0.007046
171,1.001087,0.014375,1.000611,0.002460,0.367440,0.037384,0.348391,0.005584,0.502353,0.003839,0.501626,0.004921,0.324898,0.056221,0.152186,0.015541,0.030631,0.006963
172,1.004303,0.012976,1.000928,0.001825,0.365484,0.035471,0.348882,0.003749,0.507374,0.006580,0.505087,0.004211,0.330496,0.057567,0.153032,0.017111,0.030378,0.006995
173,1.003833,0.008434,1.001189,0.001947,0.364332,0.034785,0.349294,0.002665,0.506617,0.003418,0.504370,0.002032,0.336689,0.061790,0.166335,0.021035,0.030502,0.007191
174,1.005026,0.018661,1.001525,0.002446,0.363406,0.034286,0.350062,0.003862,0.506030,0.008207,0.503852,0.006068,0.340478,0.068873,0.170555,0.021361,0.030511,0.007171
175,0.998917,0.013655,1.001229,0.002326,0.360718,0.035607,0.349213,0.006118,0.501336,0.008929,0.501083,0.008345,0.343109,0.074018,0.156414,0.019935,0.030716,0.007081
176,1.001050,0.011028,1.001161,0.002283,0.359667,0.037309,0.349353,0.007782,0.499739,0.004994,0.501287,0.006418,0.350229,0.068938,0.164847,0.017488,0.030795,0.007093
177,0.999386,0.009441,1.000950,0.002422,0.357350,0.037669,0.349019,0.007420,0.500750,0.005065,0.501353,0.005366,0.355399,0.068163,0.159529,0.018784,0.030556,0.007196
178,1.000803,0.010775,1.000899,0.002268,0.354611,0.036854,0.348636,0.007358,0.501503,0.004238,0.503672,0.004279,0.357866,0.073469,0.158359,0.022827,0.030112,0.007090
179,1.000810,0.008485,1.000857,0.002075,0.351942,0.035316,0.347713,0.005519,0.501787,0.003897,0.506136,0.004669,0.361298,0.075982,0.160848,0.017315,0.030353,0.006904
180,0.999311,0.011322,1.000668,0.002074,0.346563,0.034045,0.345318,0.003156,0.502284,0.006591,0.506188,0.009101,0.361069,0.083237,0.152751,0.013747,0.030636,0.006966
181,1.001747,0.015433,1.000723,0.002229,0.344712,0.033712,0.346474,0.003339,0.503229,0.005188,0.507665,0.006749,0.364874,0.084913,0.151392,0.016506,0.030734,0.007175
182,1.003844,0.010041,1.000998,0.002357,0.341277,0.033258,0.346224,0.004361,0.503549,0.004123,0.505814,0.006235,0.367037,0.087867,0.145632,0.009899,0.030895,0.007264
183,0.997126,0.011461,1.000569,0.001590,0.340225,0.033196,0.345786,0.004698,0.502809,0.004557,0.507222,0.007386,0.370693,0.085176,0.158610,0.025562,0.030652,0.007229
184,1.002767,0.009111,1.000763,0.001488,0.339429,0.034327,0.347065,0.005242,0.505977,0.005815,0.508162,0.008962,0.375772,0.084699,0.165491,0.023333,0.030566,0.007165
185,0.998050,0.008823,1.000457,0.001991,0.338313,0.032997,0.347104,0.006605,0.507173,0.006745,0.509352,0.007576,0.377499,0.084269,0.168831,0.021182,0.030327,0.007235
186,0.999406,0.008459,1.000310,0.002147,0.335877,0.032017,0.346244,0.007172,0.504662,0.005483,0.508258,0.007449,0.377098,0.088155,0.161575,0.015425,0.030304,0.007141
187,1.004511,0.014010,1.000696,0.002963,0.334327,0.032203,0.346313,0.009050,0.504887,0.005875,0.509506,0.007285,0.378306,0.090229,0.157621,0.019730,0.030517,0.007156
188,0.998624,0.013128,1.000467,0.002590,0.332899,0.029726,0.347466,0.006421,0.503347,0.004362,0.507018,0.007268,0.379257,0.091238,0.152912,0.020389,0.030546,0.006957
189,0.998778,0.009540,1.000266,0.002207,0.330134,0.030001,0.347271,0.004577,0.501804,0.004300,0.504650,0.006203,0.380171,0.090835,0.143969,0.024633,0.030135,0.006997
190,1.003736,0.011098,1.000596,0.002607,0.326433,0.029001,0.347634,0.003962,0.502871,0.006589,0.504471,0.005403,0.379403,0.094620,0.145427,0.020010,0.030658,0.007018
191,1.006965,0.017622,1.001194,0.002336,0.323776,0.028760,0.348646,0.004485,0.502073,0.007800,0.504916,0.004920,0.378767,0.097829,0.147640,0.024004,0.030933,0.007170
192,1.010513,0.014105,1.002092,0.002440,0.323415,0.029880,0.350110,0.005347,0.499615,0.006449,0.502104,0.005197,0.379297,0.098640,0.152785,0.019391,0.030831,0.006938
193,1.007813,0.013221,1.002622,0.002435,0.321429,0.030510,0.349121,0.004830,0.503588,0.006427,0.504130,0.005950,0.376167,0.099919,0.144944,0.007473,0.030529,0.006968
194,1.000548,0.020766,1.002385,0.002981,0.320505,0.028115,0.347626,0.006296,0.505757,0.004853,0.504989,0.006607,0.375607,0.098908,0.146739,0.013861,0.030697,0.007218
195,1.002875,0.014995,1.002407,0.002643,0.318529,0.027040,0.347034,0.004399,0.505522,0.005174,0.505040,0.005301,0.375829,0.099305,0.153097,0.014595,0.030728,0.007144
196,0.998491,0.009741,1.001973,0.002853,0.317244,0.027619,0.346544,0.002825,0.501555,0.007102,0.501368,0.007457,0.375202,0.099033,0.149850,0.018926,0.030498,0.006760
197,1.012892,0.011449,1.003038,0.002652,0.315137,0.029223,0.348864,0.002566,0.504445,0.008768,0.504439,0.007557,0.378300,0.095703,0.153716,0.019508,0.030234,0.007084
198,0.999446,0.010681,1.002630,0.002386,0.314071,0.027470,0.349096,0.002994,0.504287,0.009663,0.503970,0.008146,0.378256,0.095857,0.155119,0.015904,0.030470,0.007349
199,0.994985,0.017358,1.001814,0.002696,0.312747,0.023868,0.347634,0.003465,0.504094,0.010309,0.503741,0.007992,0.378028,0.094033,0.159787,0.015785,0.030613,0.007369
200,0.999682,0.011071,1.001560,0.002740,0.311236,0.023098,0.347399,0.004554,0.502819,0.006530,0.502692,0.006413,0.375696,0.094866,0.150363,0.008765,0.030290,0.007222
201,0.990045,0.021096,1.000376,0.002561,0.310955,0.025284,0.345169,0.004679,0.500609,0.006276,0.501451,0.007358,0.371673,0.092185,0.142588,0.021641,0.030662,0.006689
202,0.999914,0.012237,1.000281,0.002465,0.314106,0.028840,0.347050,0.004178,0.500799,0.007353,0.499797,0.006004,0.372660,0.086258,0.154315,0.016616,0.031472,0.006479
203,0.998231,0.018196,1.000038,0.003133,0.314245,0.032384,0.346680,0.004519,0.501051,0.005861,0.500155,0.005986,0.370715,0.078783,0.154178,0.021138,0.031152,0.007422
204,1.003928,0.016109,1.000399,0.003046,0.317071,0.033651,0.347395,0.003162,0.502321,0.009366,0.500201,0.009007,0.369108,0.077363,0.165580,0.017748,0.037855,0.020878
205,1.004156,0.013341,1.000735,0.002996,0.319774,0.033775,0.348510,0.004709,0.502654,0.009226,0.501177,0.009196,0.366986,0.073281,0.157993,0.019285,0.045019,0.039321
206,1.010080,0.009193,1.001647,0.003031,0.323041,0.034500,0.350370,0.003984,0.504643,0.008595,0.503549,0.010373,0.366647,0.068704,0.161928,0.020462,0.047997,0.047381
207,1.005041,0.013141,1.001953,0.002951,0.323666,0.034580,0.350171,0.004039,0.506099,0.011342,0.506596,0.011017,0.364171,0.067470,0.157955,0.022269,0.045290,0.040420
208,0.999643,0.016897,1.001691,0.002908,0.322860,0.035816,0.348834,0.004562,0.505453,0.014305,0.505564,0.011326,0.359565,0.064221,0.152105,0.015924,0.039181,0.022830
209,1.001721,0.014325,1.001649,0.002363,0.324319,0.035416,0.348713,0.003204,0.503493,0.010531,0.503836,0.009665,0.358761,0.062002,0.157908,0.013277,0.033800,0.009845
210,0.998555,0.013567,1.001288,0.002404,0.323822,0.035712,0.348239,0.002734,0.504584,0.008088,0.504001,0.007516,0.356274,0.061293,0.157770,0.013704,0.035896,0.016425
211,1.003370,0.012783,1.001460,0.002793,0.322771,0.035515,0.348603,0.003427,0.504287,0.009012,0.504817,0.007267,0.356008,0.062688,0.153629,0.023251,0.039319,0.024622
212,1.010598,0.017955,1.002334,0.002859,0.322694,0.036357,0.350392,0.002984,0.506775,0.008794,0.507429,0.006925,0.358027,0.062706,0.169954,0.014610,0.039759,0.022848
213,1.003168,0.016105,1.002391,0.002948,0.322380,0.036695,0.351333,0.005675,0.505400,0.010840,0.509095,0.007444,0.359946,0.057021,0.170137,0.025737,0.035554,0.012993
214,1.002653,0.012800,1.002387,0.002231,0.317936,0.037031,0.350328,0.004294,0.505295,0.008366,0.507268,0.003549,0.356625,0.059400,0.155978,0.021366,0.030121,0.007219
215,1.001740,0.009299,1.002292,0.002017,0.315413,0.037264,0.350591,0.005292,0.502164,0.007356,0.504201,0.006174,0.356591,0.060166,0.162549,0.028864,0.033797,0.009424
216,0.996798,0.013291,1.001698,0.002771,0.312730,0.035646,0.349215,0.006670,0.503504,0.010976,0.504174,0.008113,0.354154,0.062584,0.154195,0.024190,0.039223,0.019079
217,1.002557,0.011900,1.001748,0.002856,0.310654,0.031803,0.349243,0.006043,0.502414,0.013122,0.503429,0.009898,0.353130,0.062523,0.155630,0.015968,0.039267,0.024946
218,1.001501,0.012774,1.001678,0.003316,0.308499,0.028536,0.349602,0.006512,0.502689,0.014734,0.503087,0.010067,0.352712,0.063278,0.156246,0.022165,0.038642,0.021693
219,0.993321,0.012643,1.000794,0.003452,0.304414,0.026106,0.346560,0.006831,0.502302,0.014472,0.503446,0.010586,0.348413,0.061464,0.148812,0.021837,0.034506,0.013850
220,0.994486,0.020340,1.000113,0.002807,0.300925,0.023383,0.344695,0.004605,0.502074,0.009158,0.501689,0.008493,0.346489,0.059779,0.150417,0.019972,0.031552,0.006018
221,1.001431,0.010615,1.000206,0.002917,0.296717,0.023744,0.344769,0.003948,0.499325,0.009809,0.500679,0.010727,0.342647,0.062622,0.143455,0.022825,0.029335,0.008199
222,1.000826,0.008227,1.000241,0.002413,0.295957,0.024198,0.344917,0.003578,0.501386,0.008211,0.502183,0.009071,0.342577,0.062315,0.144787,0.019744,0.032503,0.006501
223,1.003068,0.012976,1.000494,0.002700,0.296940,0.025118,0.346130,0.003464,0.504428,0.008450,0.503456,0.009801,0.342493,0.059037,0.144499,0.019621,0.032469,0.007949
224,1.000820,0.020274,1.000484,0.003879,0.299672,0.023603,0.346387,0.006674,0.506499,0.011698,0.504543,0.013156,0.342358,0.057896,0.152569,0.022901,0.031678,0.006951
225,1.002830,0.015133,1.000686,0.003740,0.302833,0.022282,0.346513,0.007505,0.506014,0.009529,0.505899,0.010142,0.341580,0.058614,0.157292,0.023862,0.031978,0.005558
226,0.999121,0.011428,1.000490,0.003309,0.307128,0.025329,0.347134,0.006132,0.503666,0.010071,0.503844,0.008260,0.339882,0.058930,0.156387,0.022315,0.034870,0.006036
227,0.997242,0.007423,1.000125,0.002732,0.310330,0.026537,0.346966,0.005572,0.502033,0.010316,0.503616,0.008244,0.339149,0.060466,0.162289,0.015450,0.034110,0.012288
228,0.994314,0.011294,0.999507,0.002510,0.310588,0.030241,0.346054,0.006008,0.499789,0.009021,0.503240,0.007030,0.337528,0.058125,0.160556,0.010240,0.035556,0.014959
229,0.999432,0.018725,0.999472,0.003665,0.311303,0.034572,0.346157,0.008914,0.497858,0.009810,0.500489,0.007117,0.336081,0.053865,0.161697,0.020794,0.037517,0.013375
230,1.004115,0.015376,0.999903,0.004163,0.310501,0.035177,0.346771,0.008838,0.495378,0.009905,0.498182,0.006463,0.333330,0.053647,0.155452,0.019607,0.034195,0.011996
231,1.002544,0.008124,1.000135,0.003858,0.310446,0.036088,0.348000,0.007864,0.495165,0.009517,0.497622,0.004598,0.330895,0.057542,0.149765,0.013655,0.031704,0.008545
232,0.994862,0.006261,0.999567,0.003861,0.309390,0.036118,0.347695,0.007331,0.495710,0.009701,0.498801,0.005360,0.331301,0.057036,0.153693,0.014811,0.031629,0.005655
233,0.996116,0.013678,0.999162,0.004076,0.304882,0.035646,0.346918,0.008377,0.494435,0.010517,0.496762,0.007837,0.329592,0.055660,0.147730,0.011626,0.034168,0.006520
234,0.999594,0.013558,0.999158,0.004381,0.299280,0.032898,0.345074,0.009297,0.498674,0.011351,0.499721,0.008945,0.326609,0.056940,0.141845,0.018251,0.037632,0.019583
235,1.004833,0.013669,0.999682,0.004427,0.298295,0.031901,0.347337,0.009790,0.501996,0.011163,0.502076,0.009142,0.329985,0.055913,0.151517,0.025861,0.044101,0.036836
236,1.003360,0.014257,1.000006,0.005009,0.298616,0.027834,0.348257,0.010390,0.500468,0.010909,0.500033,0.009379,0.330975,0.054450,0.145934,0.021698,0.048312,0.047826
237,1.000120,0.015545,0.999966,0.004087,0.301101,0.025828,0.348921,0.009579,0.500341,0.006860,0.499524,0.006734,0.332988,0.054440,0.155671,0.012189,0.047946,0.045511
238,1.002601,0.013036,1.000188,0.003673,0.305572,0.028473,0.349850,0.009968,0.501655,0.007264,0.501536,0.009855,0.336354,0.054170,0.155781,0.024493,0.043799,0.030512
239,1.008325,0.010232,1.000980,0.003437,0.310066,0.036608,0.351804,0.012540,0.504745,0.007273,0.502094,0.008891,0.341210,0.053673,0.163137,0.027033,0.037439,0.013268
240,0.998819,0.017731,1.000729,0.003871,0.312509,0.044483,0.352594,0.016996,0.505490,0.008078,0.501721,0.009918,0.343513,0.052535,0.155178,0.022299,0.038047,0.013695
241,0.995777,0.006205,1.000195,0.003708,0.312235,0.051861,0.352024,0.017984,0.503250,0.007212,0.501165,0.007290,0.346267,0.052413,0.146765,0.017222,0.043526,0.024565
242,1.004692,0.005517,1.000606,0.003249,0.315435,0.054333,0.353472,0.017708,0.505681,0.006164,0.504221,0.008579,0.350514,0.053747,0.157270,0.023796,0.044061,0.028459
243,0.987923,0.013552,0.999308,0.004018,0.317204,0.054967,0.350874,0.019265,0.500321,0.007016,0.499782,0.008643,0.349739,0.055693,0.144667,0.020307,0.039562,0.021470
244,0.991269,0.010494,0.998476,0.004475,0.319296,0.054048,0.349800,0.018847,0.498820,0.009917,0.497835,0.008991,0.349592,0.057155,0.142762,0.017744,0.033936,0.008079
245,1.001430,0.010756,0.998723,0.004081,0.322658,0.053568,0.350086,0.015690,0.502095,0.010507,0.501249,0.008789,0.354621,0.059428,0.153303,0.010255,0.031632,0.006298
246,0.998040,0.012507,0.998626,0.003829,0.322608,0.053640,0.349162,0.013088,0.501391,0.008944,0.501072,0.007567,0.353919,0.063756,0.145613,0.015729,0.036727,0.017485
247,1.002015,0.014288,0.998933,0.003723,0.320614,0.055947,0.350241,0.011738,0.502657,0.009493,0.502465,0.008116,0.356645,0.065483,0.143968,0.014790,0.040440,0.026442
248,1.007550,0.011016,0.999754,0.002800,0.319663,0.056345,0.352618,0.008926,0.501741,0.010117,0.503381,0.008428,0.360443,0.067470,0.152056,0.014754,0.041700,0.026199
249,1.010560,0.012348,1.000782,0.003074,0.319144,0.055099,0.354686,0.007024,0.503174,0.006302,0.505740,0.006293,0.362229,0.068263,0.155824,0.015387,0.048445,0.030514
250,1.002873,0.010795,1.000925,0.003054,0.319288,0.052726,0.354453,0.007734,0.504288,0.005643,0.506630,0.006951,0.361443,0.069547,0.154627,0.020970,0.061198,0.072221
251,0.997558,0.015532,1.000556,0.003691,0.318550,0.046964,0.352640,0.008542,0.502107,0.010112,0.505848,0.010511,0.360474,0.070428,0.144440,0.023838,0.073208,0.109581
252,1.000542,0.008583,1.000503,0.003968,0.318993,0.039055,0.351695,0.008352,0.503039,0.011749,0.505153,0.009998,0.359862,0.071072,0.152997,0.025520,0.078878,0.119495
253,0.991419,0.007873,0.999571,0.003873,0.316996,0.032199,0.349407,0.007605,0.503198,0.009993,0.504064,0.009450,0.356459,0.071270,0.142797,0.023099,0.072224,0.098474
254,1.003967,0.014006,0.999985,0.003870,0.314727,0.031608,0.350377,0.005121,0.502726,0.010836,0.503406,0.009333,0.356304,0.072849,0.145997,0.026426,0.054945,0.055761
255,1.005589,0.012703,1.000514,0.003164,0.313254,0.033859,0.351805,0.006425,0.501656,0.012582,0.503898,0.008625,0.355133,0.072713,0.151424,0.019540,0.040341,0.026357
256,1.010766,0.009848,1.001495,0.003103,0.316004,0.038619,0.354462,0.005601,0.504519,0.011750,0.504342,0.007611,0.356092,0.072053,0.154838,0.021118,0.049201,0.049675
257,0.993905,0.012972,1.000685,0.002545,0.318827,0.042199,0.352695,0.005272,0.503824,0.009230,0.502990,0.008227,0.348810,0.072687,0.143984,0.009742,0.061807,0.064427
258,1.001825,0.013223,1.000758,0.003140,0.326405,0.045640,0.354171,0.005684,0.501817,0.010425,0.502015,0.007507,0.347479,0.071993,0.144040,0.017111,0.065390,0.057501
259,1.001630,0.010164,1.000823,0.002634,0.333828,0.047627,0.354294,0.005520,0.502979,0.008100,0.501300,0.008253,0.346037,0.069715,0.147249,0.015924,0.056960,0.037068
260,1.000148,0.007566,1.000705,0.002742,0.341617,0.047157,0.354744,0.006006,0.500366,0.006715,0.499591,0.007771,0.345244,0.066168,0.148342,0.011497,0.045422,0.021459
261,1.010037,0.010370,1.001585,0.002906,0.349056,0.046448,0.357615,0.006670,0.504135,0.009280,0.500531,0.008808,0.347297,0.062926,0.158121,0.017669,0.044915,0.032405
262,0.997922,0.011882,1.001157,0.002067,0.352331,0.047029,0.356258,0.007187,0.502156,0.007563,0.499037,0.007500,0.343500,0.063401,0.151644,0.017028,0.050372,0.050722
263,0.992207,0.010666,1.000214,0.001878,0.355196,0.045708,0.355039,0.007120,0.501182,0.006185,0.498829,0.007081,0.342575,0.062090,0.142479,0.015905,0.058521,0.054171
264,1.005165,0.014698,1.000678,0.002561,0.355559,0.046478,0.356061,0.005862,0.499746,0.007756,0.498648,0.007542,0.344163,0.058023,0.154557,0.016734,0.058698,0.047271
265,1.000869,0.013624,1.000660,0.003320,0.349636,0.048828,0.354246,0.005380,0.499585,0.009544,0.499036,0.010754,0.341684,0.057167,0.144628,0.012383,0.053056,0.034634
266,1.002081,0.013508,1.000777,0.003479,0.345515,0.053034,0.353459,0.006394,0.495555,0.009346,0.496461,0.009009,0.341957,0.055255,0.143510,0.018993,0.046406,0.027853
267,0.997213,0.010858,1.000393,0.003655,0.340759,0.055652,0.353147,0.006346,0.496766,0.009343,0.496868,0.007955,0.342689,0.054002,0.148678,0.027133,0.042803,0.033393
268,1.003511,0.010266,1.000686,0.004066,0.337406,0.054351,0.352622,0.006333,0.499148,0.008650,0.498100,0.008099,0.339912,0.056844,0.155210,0.015054,0.045783,0.035169
269,0.995858,0.021752,1.000163,0.004925,0.335903,0.052746,0.351941,0.008468,0.497496,0.010263,0.497042,0.008357,0.338451,0.058576,0.153072,0.019095,0.052305,0.029845
270,1.006827,0.013950,1.000787,0.005324,0.336504,0.051029,0.354408,0.008889,0.498881,0.012843,0.498527,0.009991,0.338757,0.060766,0.151969,0.023154,0.069659,0.073171
271,1.007251,0.015701,1.001392,0.005065,0.336681,0.049152,0.354934,0.007581,0.498440,0.012096,0.498260,0.011475,0.338262,0.063534,0.156373,0.016274,0.078527,0.119127
272,1.001799,0.012965,1.001373,0.004965,0.338241,0.050898,0.355651,0.009681,0.502005,0.012992,0.499691,0.010893,0.338611,0.067536,0.154190,0.017591,0.081670,0.124892
273,0.997853,0.008525,1.000979,0.004945,0.335943,0.052001,0.354713,0.008934,0.499913,0.012745,0.500892,0.008206,0.333995,0.072602,0.139828,0.016512,0.074383,0.095840
274,1.001393,0.017705,1.000991,0.005209,0.336301,0.056040,0.355434,0.011692,0.500766,0.010498,0.500790,0.007860,0.333949,0.075497,0.134952,0.020269,0.059250,0.048966
275,1.007418,0.009689,1.001590,0.004194,0.336896,0.057345,0.356802,0.009214,0.504239,0.008816,0.502477,0.004192,0.335400,0.078634,0.146967,0.019178,0.058383,0.043792
276,1.003312,0.018712,1.001731,0.004112,0.333812,0.061615,0.355130,0.009544,0.504599,0.006969,0.503398,0.005210,0.331406,0.079706,0.143530,0.008459,0.072178,0.083124
277,1.003473,0.005614,1.001876,0.003778,0.330822,0.063980,0.354665,0.008787,0.504108,0.007266,0.502052,0.005487,0.326568,0.082068,0.140085,0.013545,0.075124,0.105242
278,1.002553,0.013989,1.001903,0.003992,0.330671,0.061473,0.354202,0.007373,0.504476,0.007631,0.501843,0.004990,0.325572,0.076411,0.137526,0.010410,0.068750,0.097162
279,0.997734,0.016291,1.001448,0.004390,0.328986,0.057928,0.352135,0.005868,0.503972,0.007795,0.502172,0.004838,0.323944,0.065634,0.141313,0.023646,0.057213,0.065161
280,0.998358,0.010464,1.001115,0.004030,0.325481,0.056291,0.350120,0.006846,0.502576,0.007729,0.500750,0.005844,0.321999,0.056424,0.140566,0.024244,0.043068,0.024459
281,1.003625,0.011035,1.001331,0.003665,0.325182,0.052538,0.350798,0.007185,0.502810,0.004049,0.499957,0.005154,0.323325,0.050219,0.147114,0.023751,0.039326,0.015794
282,0.998806,0.009206,1.001040,0.002779,0.323678,0.048462,0.351667,0.006826,0.504449,0.006239,0.500885,0.005987,0.327458,0.046402,0.158898,0.012820,0.050510,0.037598
283,0.994890,0.008777,1.000387,0.002603,0.319494,0.044215,0.349018,0.005387,0.502938,0.008147,0.499524,0.007286,0.326645,0.042052,0.152969,0.012647,0.054162,0.052093
284,1.000550,0.007759,1.000356,0.001927,0.319386,0.042123,0.350000,0.005755,0.504111,0.008834,0.500890,0.007827,0.330687,0.040970,0.160283,0.017149,0.052057,0.049540
285,0.996827,0.012881,0.999971,0.001670,0.316179,0.040304,0.347983,0.005944,0.504076,0.007632,0.498604,0.006354,0.328944,0.041125,0.143772,0.016578,0.047280,0.033760
286,1.010560,0.010705,1.000972,0.002199,0.318006,0.036369,0.350405,0.005521,0.504083,0.008469,0.499062,0.007481,0.331388,0.042814,0.141125,0.014075,0.042488,0.019764
287,0.997532,0.017438,1.000603,0.003228,0.319905,0.030249,0.349869,0.007248,0.503291,0.009254,0.497935,0.009240,0.335918,0.042280,0.161268,0.022030,0.045361,0.026096
288,1.000709,0.008643,1.000568,0.003086,0.323072,0.026040,0.350685,0.007565,0.503930,0.008014,0.498036,0.007679,0.340132,0.044575,0.164482,0.021807,0.050021,0.043078
289,0.998517,0.012761,1.000324,0.003521,0.324353,0.025956,0.350857,0.007951,0.501383,0.006702,0.497792,0.007323,0.341678,0.047949,0.159261,0.020718,0.050932,0.052996
290,1.007224,0.010152,1.000977,0.002705,0.326844,0.025014,0.352232,0.006708,0.504089,0.006293,0.500353,0.006826,0.344535,0.051439,0.154481,0.015634,0.047800,0.050793
291,0.995936,0.015432,1.000453,0.002928,0.325571,0.026698,0.351192,0.007422,0.501839,0.007805,0.499354,0.007312,0.344322,0.050552,0.143500,0.021802,0.042151,0.037018
292,0.994330,0.021144,0.999797,0.001748,0.324532,0.026976,0.350515,0.004343,0.499887,0.011090,0.497795,0.009972,0.344511,0.053507,0.140951,0.022926,0.035062,0.017225
293,1.002566,0.015142,1.000045,0.001434,0.323836,0.031603,0.350978,0.004529,0.500651,0.010132,0.497425,0.008936,0.345633,0.058645,0.144598,0.021347,0.030212,0.006882
294,0.996168,0.013790,0.999624,0.001204,0.321343,0.032650,0.349717,0.003070,0.497593,0.009231,0.495050,0.006608,0.342672,0.059966,0.136248,0.009279,0.034186,0.011915
295,0.993671,0.014475,0.998970,0.001960,0.317801,0.036767,0.348070,0.005068,0.496310,0.008187,0.494055,0.004656,0.340760,0.063412,0.136614,0.019866,0.038351,0.018919
296,0.995858,0.010994,0.998620,0.001961,0.316031,0.036602,0.348120,0.003561,0.498691,0.008845,0.496730,0.003638,0.342391,0.062606,0.144230,0.014718,0.039639,0.019468
297,0.997482,0.009667,0.998462,0.001514,0.313073,0.035759,0.347896,0.003608,0.498843,0.007366,0.496410,0.004973,0.343215,0.060836,0.139139,0.011105,0.038327,0.015510
298,0.998725,0.009712,0.998445,0.001433,0.309529,0.034871,0.347724,0.004474,0.498912,0.010379,0.499831,0.008288,0.343581,0.059225,0.138309,0.017603,0.036336,0.012832
299,1.006540,0.010056,0.999214,0.001609,0.306599,0.032730,0.349372,0.003155,0.499825,0.010752,0.501495,0.008830,0.345566,0.059395,0.144296,0.026378,0.037611,0.013463
300,1.000591,0.014857,0.999315,0.001603,0.301506,0.028789,0.348638,0.004470,0.499557,0.010772,0.501305,0.006257,0.344215,0.058796,0.142562,0.022908,0.040164,0.019941
