method,generation,train_size,acc,worst_class_acc,ess_score,acc_c0,acc_c1,acc_c2,acc_c3,acc_c4,acc_c5,acc_c6,acc_c7,acc_c8,acc_c9,hist_c0,hist_c1,hist_c2,hist_c3,hist_c4,hist_c5,hist_c6,hist_c7,hist_c8,hist_c9,sel_pseudo_acc,sel_mean_conf,sel_pseudo_acc_c0,sel_pseudo_acc_c1,sel_pseudo_acc_c2,sel_pseudo_acc_c3,sel_pseudo_acc_c4,sel_pseudo_acc_c5,sel_pseudo_acc_c6,sel_pseudo_acc_c7,sel_pseudo_acc_c8,sel_pseudo_acc_c9,sel_mean_weight,sel_mean_score
set_aware,0,2500,0.3873,0.189,,0.46,0.474,0.302,0.189,0.281,0.361,0.406,0.526,0.498,0.376,0,0,0,0,0,0,0,0,0,0,,,,,,,,,,,,,,
set_aware,1,5305,0.4413,0.223,11936.4462890625,0.458,0.524,0.366,0.223,0.302,0.433,0.471,0.596,0.598,0.442,400,400,196,0,4,265,340,400,400,400,0.6698752228163993,0.785884534590172,0.555,0.805,0.37755102040816324,,1.0,0.6566037735849056,0.6941176470588235,0.8325,0.5575,0.7275,0.6739066909553746,0.5335870048366553
set_aware,2,8688,0.4612,0.262,11996.6064453125,0.507,0.535,0.379,0.262,0.321,0.435,0.502,0.572,0.627,0.472,400,400,400,34,149,400,400,400,400,400,0.6866686373041679,0.959763524555575,0.655,0.8025,0.4375,0.6176470588235294,0.5906040268456376,0.65,0.8075,0.785,0.655,0.7425,0.9042606345302707,0.8681109647514057
set_aware,3,12515,0.471,0.266,11997.7177734375,0.508,0.559,0.388,0.266,0.349,0.435,0.528,0.575,0.619,0.483,400,400,400,227,400,400,400,400,400,400,0.6477658740527829,0.9797050245349576,0.775,0.7775,0.4275,0.4581497797356828,0.5225,0.555,0.7275,0.7625,0.705,0.685,0.9534284866039953,0.9342140745082473
set_aware,4,16515,0.4721,0.255,11999.326171875,0.524,0.551,0.395,0.255,0.346,0.43,0.534,0.555,0.632,0.499,400,400,400,400,400,400,400,400,400,400,0.60425,0.9915165374577045,0.66,0.745,0.4475,0.365,0.4925,0.5075,0.6925,0.6825,0.7675,0.6825,0.9737468773722648,0.9654946122914553
set_aware,5,20515,0.4748,0.267,11999.6875,0.514,0.539,0.376,0.267,0.345,0.431,0.565,0.563,0.622,0.526,400,400,400,400,400,400,400,400,400,400,0.56325,0.9938208493292332,0.6375,0.71,0.355,0.3875,0.4625,0.47,0.55,0.67,0.79,0.6,0.9769144652187824,0.9708790379315615
clean_ft,0,2500,0.3873,0.189,,0.46,0.474,0.302,0.189,0.281,0.361,0.406,0.526,0.498,0.376,0,0,0,0,0,0,0,0,0,0,,,,,,,,,,,,,,
clean_ft,1,100,0.3353,0.192,,0.313,0.388,0.263,0.192,0.289,0.321,0.361,0.463,0.358,0.405,0,0,0,0,0,0,0,0,0,0,,,,,,,,,,,,,,
clean_ft,2,100,0.3146,0.172,,0.303,0.385,0.172,0.199,0.262,0.266,0.435,0.422,0.336,0.366,0,0,0,0,0,0,0,0,0,0,,,,,,,,,,,,,,
clean_ft,3,100,0.3044,0.185,,0.337,0.327,0.211,0.185,0.32,0.217,0.328,0.473,0.329,0.317,0,0,0,0,0,0,0,0,0,0,,,,,,,,,,,,,,
clean_ft,4,100,0.3048,0.191,,0.349,0.372,0.224,0.191,0.247,0.227,0.367,0.479,0.35,0.242,0,0,0,0,0,0,0,0,0,0,,,,,,,,,,,,,,
clean_ft,5,100,0.2986,0.189,,0.295,0.354,0.189,0.21,0.257,0.264,0.35,0.48,0.344,0.243,0,0,0,0,0,0,0,0,0,0,,,,,,,,,,,,,,
clean_mix,0,2500,0.3873,0.189,,0.46,0.474,0.302,0.189,0.281,0.361,0.406,0.526,0.498,0.376,0,0,0,0,0,0,0,0,0,0,,,,,,,,,,,,,,
clean_mix,1,6600,0.4418,0.221,10203.127808492562,0.543,0.557,0.335,0.221,0.298,0.387,0.47,0.624,0.527,0.456,688,1036,17,0,0,280,185,904,109,781,0.6805,0.7701207603216171,0.5465116279069767,0.7364864864864865,0.23529411764705882,,,0.6607142857142857,0.7297297297297297,0.7267699115044248,0.5688073394495413,0.6914212548015365,0.7448435428559729,0.6458164260558784
clean_mix,2,10600,0.4629,0.249,10097.321617388472,0.562,0.596,0.357,0.249,0.324,0.395,0.497,0.643,0.534,0.472,801,806,112,0,0,284,516,978,108,395,0.66475,0.9613992454707623,0.5655430711610487,0.6662531017369727,0.4017857142857143,,,0.6302816901408451,0.8042635658914729,0.6717791411042945,0.8333333333333334,0.7164556962025317,0.749599024962309,0.7531257598906754
clean_mix,3,14600,0.4698,0.218,10129.952329222217,0.556,0.59,0.372,0.218,0.32,0.408,0.54,0.642,0.556,0.496,596,668,358,6,43,355,571,679,390,334,0.63575,0.9788285716921091,0.6241610738255033,0.6317365269461078,0.4692737430167598,0.6666666666666666,0.5813953488372093,0.6028169014084507,0.7513134851138353,0.5581737849779087,0.8076923076923077,0.6437125748502994,0.7417787515099852,0.769826928980276
clean_mix,4,18600,0.4733,0.19,10182.172811977362,0.572,0.607,0.353,0.19,0.303,0.403,0.583,0.657,0.562,0.503,439,515,373,15,207,255,580,458,609,549,0.6155,0.9866750241219997,0.55125284738041,0.5572815533980583,0.4343163538873995,0.3333333333333333,0.6521739130434783,0.5725490196078431,0.6620689655172414,0.517467248908297,0.8111658456486043,0.6739526411657559,0.7350850726402093,0.780312867511809
clean_mix,5,22600,0.4815,0.164,10213.306339890873,0.591,0.636,0.37,0.164,0.298,0.399,0.6,0.653,0.584,0.52,597,516,287,15,227,75,567,319,859,538,0.557,0.9870777671188116,0.542713567839196,0.5116279069767442,0.43902439024390244,0.4666666666666667,0.5506607929515418,0.56,0.5855379188712522,0.42946708463949845,0.6391152502910361,0.5985130111524164,0.7348558324161845,0.7868935839705169
batch_mean,0,2500,0.3873,0.189,,0.46,0.474,0.302,0.189,0.281,0.361,0.406,0.526,0.498,0.376,0,0,0,0,0,0,0,0,0,0,,,,,,,,,,,,,,
batch_mean,1,6500,0.442,0.236,10203.127808492562,0.545,0.556,0.371,0.236,0.278,0.38,0.481,0.609,0.529,0.435,688,1036,17,0,0,280,185,904,109,781,0.6805,0.7701207603216171,0.5465116279069767,0.7364864864864865,0.23529411764705882,,,0.6607142857142857,0.7297297297297297,0.7267699115044248,0.5688073394495413,0.6914212548015365,0.7448435428559729,0.6458164260558784
batch_mean,2,10500,0.465,0.243,10085.235075636043,0.552,0.605,0.364,0.243,0.335,0.394,0.504,0.634,0.542,0.477,855,885,53,0,3,306,537,871,47,443,0.67075,0.9609735586047172,0.5964912280701754,0.6621468926553672,0.3018867924528302,,1.0,0.6405228758169934,0.7895716945996276,0.6934557979334098,0.8936170212765957,0.6817155756207675,0.7523359022214777,0.7520715879447758
batch_mean,3,14500,0.4717,0.225,10122.35410804824,0.568,0.611,0.373,0.225,0.317,0.379,0.564,0.643,0.557,0.48,520,693,278,0,81,329,605,625,404,465,0.641,0.9779605801701545,0.5961538461538461,0.6046176046176046,0.4784172661870504,,0.5308641975308642,0.6109422492401215,0.7090909090909091,0.5952,0.8391089108910891,0.6838709677419355,0.7434146196667452,0.7676905692391096
batch_mean,4,18500,0.4731,0.182,10180.65372567096,0.564,0.615,0.348,0.182,0.29,0.408,0.592,0.658,0.576,0.498,521,604,292,30,180,124,596,505,708,440,0.6015,0.9866959258019924,0.5988483685220729,0.5264900662251656,0.4726027397260274,0.5666666666666667,0.6166666666666667,0.5403225806451613,0.6308724832214765,0.5069306930693069,0.7641242937853108,0.6136363636363636,0.7352370603748531,0.7791657918404787
batch_mean,5,22500,0.476,0.15,10213.503123886918,0.585,0.624,0.325,0.15,0.311,0.386,0.635,0.649,0.584,0.511,574,604,269,26,180,45,500,293,960,549,0.5435,0.9863580606132746,0.5452961672473867,0.44039735099337746,0.4423791821561338,0.23076923076923078,0.5611111111111111,0.5555555555555556,0.588,0.4232081911262799,0.6270833333333333,0.5901639344262295,0.7354728080311658,0.7869206420715897
