generation,no_filter_alpha50_mean,no_filter_alpha50_std,ema_alpha50_mean,ema_alpha50_std,standard_filter_alpha50_mean,standard_filter_alpha50_std,hard_threshold_alpha50_mean,hard_threshold_alpha50_std,k_center_alpha50_mean,k_center_alpha50_std,dpp_alpha50_mean,dpp_alpha50_std,dst_alpha50_mean,dst_alpha50_std,l2ac_alpha50_mean,l2ac_alpha50_std,ours_alpha50_mean,ours_alpha50_std,no_filter_alpha100_mean,no_filter_alpha100_std,ema_alpha100_mean,ema_alpha100_std,standard_filter_alpha100_mean,standard_filter_alpha100_std,hard_threshold_alpha100_mean,hard_threshold_alpha100_std,k_center_alpha100_mean,k_center_alpha100_std,dpp_alpha100_mean,dpp_alpha100_std,dst_alpha100_mean,dst_alpha100_std,l2ac_alpha100_mean,l2ac_alpha100_std,ours_alpha100_mean,ours_alpha100_std
1,0.770695,0.071495,0.087032,0.023491,0.026519,0.006547,0.043950,0.007695,0.033188,0.005415,0.032478,0.005434,0.026449,0.006549,0.026505,0.006533,1.139501,0.062370,1.139266,0.081646,0.123144,0.024693,0.026504,0.006527,0.041032,0.008685,0.033188,0.005415,0.032478,0.005434,0.026541,0.006472,0.026505,0.006533,1.148763,0.061204
2,0.755502,0.042129,0.152061,0.021201,0.022422,0.005472,0.063992,0.005687,0.031605,0.006127,0.026343,0.005861,0.022314,0.005445,0.054347,0.007956,1.605982,0.112555,1.122957,0.048337,0.221810,0.021801,0.022378,0.005465,0.058577,0.007457,0.031605,0.006127,0.026343,0.005861,0.022442,0.005347,0.054457,0.007850,1.627097,0.095105
3,0.753055,0.092731,0.211371,0.023581,0.018447,0.006071,0.081941,0.005041,0.029062,0.008818,0.026015,0.010446,0.018318,0.006054,0.025403,0.010451,1.768063,0.154116,1.116653,0.102895,0.310694,0.024181,0.018410,0.006017,0.076364,0.009469,0.029062,0.008818,0.026015,0.010446,0.018444,0.005840,0.025424,0.010479,1.796119,0.124970
4,0.743260,0.029096,0.263771,0.021424,0.016244,0.006267,0.093875,0.007418,0.027815,0.010477,0.029124,0.009388,0.016018,0.006346,0.045832,0.004766,1.789053,0.191587,1.113723,0.035097,0.390395,0.022065,0.016108,0.006198,0.085764,0.007887,0.027815,0.010477,0.029124,0.009388,0.016287,0.005966,0.045911,0.004801,1.822894,0.153135
5,0.770578,0.088813,0.313624,0.020595,0.015299,0.005852,0.102438,0.010331,0.026193,0.008162,0.032247,0.008555,0.015204,0.005755,0.031153,0.009763,1.738530,0.223460,1.135271,0.095846,0.464273,0.021519,0.015261,0.005670,0.096805,0.010299,0.026193,0.008162,0.032247,0.008555,0.015400,0.005339,0.031169,0.009760,1.780030,0.176912
6,0.774695,0.075313,0.358894,0.015694,0.015513,0.003726,0.109312,0.012533,0.027341,0.009358,0.031223,0.008031,0.015477,0.003597,0.040130,0.009648,1.652797,0.247748,1.139564,0.081998,0.531158,0.016156,0.015482,0.003707,0.107153,0.010669,0.027341,0.009358,0.031223,0.008031,0.015527,0.003470,0.040191,0.009650,1.704745,0.198100
7,0.759791,0.063717,0.398108,0.018057,0.016505,0.002874,0.117050,0.013478,0.027858,0.009627,0.031286,0.010084,0.016334,0.003012,0.037318,0.011375,1.549567,0.267044,1.122952,0.073414,0.589648,0.018400,0.016378,0.002924,0.114262,0.011023,0.027858,0.009627,0.031286,0.010084,0.016413,0.002914,0.037411,0.011394,1.610932,0.218328
8,0.780078,0.045587,0.435572,0.013921,0.016644,0.005620,0.127206,0.011722,0.031860,0.010860,0.027921,0.008132,0.016454,0.005632,0.037564,0.013315,1.435531,0.283437,1.149163,0.050389,0.645031,0.014197,0.016475,0.005786,0.122097,0.010637,0.031860,0.010860,0.027921,0.008132,0.016621,0.005509,0.037445,0.013261,1.506202,0.237781
9,0.749649,0.105194,0.466145,0.012161,0.015385,0.003927,0.132202,0.012367,0.029901,0.009187,0.025749,0.006485,0.015298,0.003545,0.034085,0.010682,1.315160,0.296718,1.115369,0.114685,0.691419,0.012694,0.015280,0.004195,0.129713,0.011869,0.029901,0.009187,0.025749,0.006485,0.015341,0.004067,0.034172,0.010478,1.396046,0.254907
10,0.786363,0.103698,0.497610,0.017842,0.015448,0.004711,0.138831,0.010053,0.027641,0.005289,0.025383,0.003714,0.015285,0.004471,0.035912,0.011655,1.190343,0.306806,1.153800,0.110638,0.737215,0.018705,0.015424,0.004838,0.136848,0.009580,0.027641,0.005289,0.025383,0.003714,0.015161,0.004927,0.036037,0.011603,1.282603,0.269497
11,0.745125,0.058807,0.521602,0.013930,0.015027,0.003937,0.141662,0.011583,0.027532,0.006795,0.024132,0.004873,0.014873,0.003602,0.036686,0.008995,1.064578,0.312815,1.109633,0.059968,0.773841,0.015020,0.015237,0.003869,0.141730,0.010184,0.027532,0.006795,0.024132,0.004873,0.014708,0.003747,0.036693,0.008734,1.167263,0.280940
12,0.817204,0.055070,0.550313,0.013958,0.012687,0.004503,0.142082,0.008450,0.028310,0.004871,0.022887,0.005174,0.012767,0.003815,0.038448,0.012662,0.939646,0.314499,1.190204,0.060146,0.814775,0.015430,0.012579,0.004325,0.140415,0.009483,0.028310,0.004871,0.022887,0.005174,0.012547,0.004195,0.038544,0.012723,1.051033,0.290795
13,0.755456,0.096173,0.570437,0.010406,0.013101,0.004067,0.144009,0.008977,0.024196,0.008159,0.021018,0.005503,0.013360,0.003704,0.029174,0.007963,0.817377,0.312422,1.121449,0.107263,0.845154,0.011907,0.012904,0.004260,0.143829,0.009505,0.024196,0.008159,0.021018,0.005503,0.013216,0.003590,0.029208,0.007640,0.935107,0.299241
14,0.799224,0.085071,0.592475,0.011544,0.014598,0.003754,0.144181,0.007473,0.023908,0.007078,0.020283,0.007456,0.014722,0.003496,0.037745,0.008783,0.699619,0.305234,1.167470,0.093445,0.876704,0.012973,0.014378,0.003959,0.145175,0.010247,0.023908,0.007078,0.020283,0.007456,0.014676,0.003948,0.037910,0.008686,0.820374,0.305759
15,0.739903,0.059033,0.606616,0.012957,0.014311,0.003222,0.147527,0.004755,0.024370,0.008171,0.024356,0.006149,0.014346,0.002994,0.035456,0.007614,0.589459,0.290549,1.104782,0.066660,0.899056,0.014554,0.013837,0.003009,0.145773,0.007888,0.024370,0.008171,0.024356,0.006149,0.013887,0.003661,0.035567,0.007550,0.707591,0.309673
16,0.752084,0.049875,0.620673,0.010045,0.012329,0.005793,0.150133,0.002446,0.023766,0.005449,0.025504,0.006572,0.012005,0.006135,0.036659,0.012498,0.491008,0.267237,1.122336,0.055038,0.920994,0.011079,0.012324,0.005810,0.150980,0.006279,0.023766,0.005449,0.025504,0.006572,0.011456,0.005861,0.036500,0.012703,0.598589,0.311071
17,0.762056,0.060036,0.634000,0.006657,0.013832,0.004444,0.151405,0.003351,0.025893,0.006271,0.028135,0.007233,0.014057,0.004687,0.033704,0.008911,0.414748,0.224253,1.127984,0.069733,0.941027,0.007383,0.013841,0.003373,0.151354,0.005129,0.025893,0.006271,0.028135,0.007233,0.012295,0.004147,0.034410,0.008743,0.496991,0.308762
18,0.747823,0.068333,0.644782,0.008042,0.015387,0.003158,0.152270,0.004332,0.025456,0.006646,0.029395,0.006659,0.015679,0.003366,0.037971,0.008873,0.355959,0.174561,1.116628,0.078281,0.958092,0.008736,0.015530,0.002495,0.153616,0.007353,0.025456,0.006646,0.029395,0.006659,0.014230,0.002751,0.037738,0.009241,0.408594,0.300429
19,0.718106,0.080831,0.651402,0.012420,0.016179,0.002722,0.151854,0.005090,0.026299,0.008273,0.025490,0.008634,0.016612,0.002816,0.035749,0.007330,0.304017,0.141207,1.078546,0.089292,0.969581,0.013784,0.016881,0.003343,0.153545,0.006226,0.026299,0.008273,0.025490,0.008634,0.016094,0.003161,0.036484,0.006919,0.343103,0.278529
20,0.773430,0.081281,0.662917,0.014092,0.015655,0.001698,0.152838,0.006474,0.023826,0.010477,0.025767,0.008010,0.016176,0.002382,0.039120,0.013238,0.267866,0.106057,1.142642,0.084174,0.986346,0.015482,0.016850,0.001593,0.155739,0.005106,0.023826,0.010477,0.025767,0.008010,0.015829,0.002874,0.039639,0.013227,0.304188,0.244831
21,0.755217,0.042216,0.671527,0.015658,0.016400,0.005239,0.153546,0.007759,0.024474,0.010075,0.029435,0.007351,0.016575,0.005442,0.032166,0.006377,0.242220,0.085839,1.123151,0.046167,0.999515,0.017096,0.017482,0.005602,0.156453,0.006883,0.024474,0.010075,0.029435,0.007351,0.016258,0.005120,0.032672,0.005941,0.276742,0.217131
22,0.738336,0.064634,0.677476,0.019618,0.014662,0.005096,0.151834,0.009099,0.028259,0.009052,0.028815,0.008388,0.015130,0.004347,0.038007,0.014826,0.229205,0.082627,1.102356,0.070382,1.009197,0.021199,0.016170,0.005421,0.154578,0.009228,0.028259,0.009052,0.028815,0.008388,0.015278,0.004610,0.038525,0.014617,0.261224,0.192032
23,0.750992,0.047314,0.684136,0.020988,0.014280,0.004951,0.155689,0.008435,0.025477,0.008413,0.021910,0.006892,0.014083,0.004525,0.031272,0.006892,0.232516,0.076105,1.118822,0.053886,1.019604,0.022850,0.014945,0.006147,0.156031,0.011481,0.025477,0.008413,0.021910,0.006892,0.013816,0.005394,0.032430,0.006282,0.255946,0.166460
24,0.754164,0.061446,0.690382,0.020504,0.015464,0.004872,0.154908,0.007468,0.028555,0.008942,0.023590,0.006315,0.013938,0.005729,0.038409,0.009575,0.236908,0.069606,1.119818,0.065678,1.028977,0.022422,0.016435,0.005271,0.156988,0.009330,0.028555,0.008942,0.023590,0.006315,0.015206,0.004905,0.039079,0.009337,0.256460,0.135149
25,0.779076,0.079590,0.698432,0.017288,0.014987,0.003397,0.156349,0.004673,0.030387,0.008287,0.023571,0.007478,0.013266,0.003958,0.034929,0.008920,0.228215,0.062757,1.146824,0.089368,1.040120,0.018981,0.014423,0.004236,0.154574,0.007240,0.030387,0.008287,0.023571,0.007478,0.013972,0.003348,0.035617,0.008707,0.254588,0.101593
26,0.770804,0.044786,0.705029,0.016578,0.014514,0.003911,0.157786,0.004503,0.026466,0.006572,0.021103,0.007301,0.012961,0.003529,0.034887,0.008612,0.204050,0.055703,1.141683,0.049448,1.049766,0.018153,0.013558,0.002606,0.156022,0.004759,0.026466,0.006572,0.021103,0.007301,0.013122,0.002499,0.035494,0.008949,0.245381,0.075187
27,0.755092,0.078828,0.709399,0.014923,0.017333,0.003292,0.157183,0.005445,0.025685,0.010094,0.022493,0.005294,0.016650,0.004280,0.037982,0.010478,0.171515,0.051422,1.125541,0.093604,1.056808,0.016907,0.016270,0.004125,0.156760,0.006531,0.025685,0.010094,0.022493,0.005294,0.015823,0.004405,0.039266,0.008758,0.230793,0.058738
28,0.764590,0.039799,0.714176,0.016045,0.017077,0.005381,0.157019,0.005783,0.027428,0.010280,0.026265,0.007335,0.016213,0.006494,0.034727,0.008849,0.146285,0.046474,1.130533,0.036212,1.063570,0.017475,0.017197,0.005967,0.158015,0.005436,0.027428,0.010280,0.026265,0.007335,0.015672,0.005857,0.035756,0.008645,0.212529,0.045507
29,0.774905,0.074827,0.719519,0.014549,0.017979,0.004909,0.155836,0.007515,0.029549,0.007460,0.027583,0.004733,0.017142,0.006708,0.036021,0.003834,0.140273,0.040203,1.141054,0.085145,1.070714,0.015577,0.018203,0.005240,0.157544,0.006263,0.029549,0.007460,0.027583,0.004733,0.016891,0.005636,0.036054,0.003703,0.189110,0.034325
30,0.774870,0.055425,0.724430,0.012161,0.018115,0.006304,0.155738,0.007720,0.029208,0.009577,0.028781,0.006814,0.016786,0.007973,0.030002,0.008371,0.148599,0.035912,1.145683,0.058480,1.077743,0.012847,0.016652,0.007394,0.154413,0.006987,0.029208,0.009577,0.028781,0.006814,0.015562,0.007893,0.030320,0.009717,0.163063,0.028782
31,0.751579,0.057481,0.726569,0.014372,0.016969,0.005825,0.155733,0.005280,0.033222,0.007976,0.026849,0.010369,0.015936,0.006626,0.033574,0.010654,0.154604,0.042954,1.116781,0.062592,1.081201,0.015319,0.016034,0.006285,0.153466,0.006368,0.033222,0.007976,0.026849,0.010369,0.015051,0.006033,0.034117,0.008047,0.142406,0.034402
32,0.817779,0.048601,0.735103,0.016480,0.018256,0.006127,0.156073,0.005955,0.028159,0.007944,0.025722,0.011779,0.015825,0.006701,0.029326,0.012990,0.148865,0.053585,1.191177,0.050673,1.091728,0.017584,0.018065,0.006221,0.155201,0.006480,0.028159,0.007944,0.025722,0.011779,0.016712,0.006403,0.029861,0.011507,0.132985,0.051096
33,0.761392,0.061434,0.737243,0.013424,0.019389,0.004773,0.155811,0.007180,0.030268,0.008420,0.026884,0.005351,0.016724,0.004910,0.030064,0.011518,0.134018,0.054379,1.132323,0.067720,1.095374,0.014205,0.020378,0.004510,0.155931,0.006061,0.030268,0.008420,0.026884,0.005351,0.017407,0.004520,0.030652,0.005852,0.134677,0.056737
34,0.771340,0.044410,0.739685,0.012725,0.019688,0.004995,0.158802,0.006716,0.030766,0.007699,0.024516,0.006597,0.016344,0.005783,0.030138,0.011018,0.117974,0.045155,1.140550,0.051521,1.099071,0.013195,0.020061,0.004193,0.158667,0.005245,0.030766,0.007699,0.024516,0.006597,0.015850,0.005874,0.031196,0.008028,0.135410,0.055009
35,0.777452,0.044529,0.742838,0.012744,0.021749,0.003422,0.160881,0.004802,0.027302,0.011863,0.021906,0.009801,0.017850,0.004471,0.026195,0.011350,0.106678,0.026362,1.148822,0.047553,1.103549,0.013486,0.020757,0.004131,0.158504,0.005191,0.027302,0.011863,0.021906,0.009801,0.016537,0.005407,0.028327,0.009582,0.129407,0.054671
36,0.790895,0.066118,0.747060,0.016063,0.019709,0.003724,0.158111,0.003370,0.022571,0.012133,0.021110,0.010715,0.015523,0.004824,0.027284,0.006996,0.099167,0.017874,1.161982,0.071233,1.108946,0.017065,0.018705,0.005278,0.157107,0.005061,0.022571,0.012133,0.021110,0.010715,0.015583,0.005240,0.029534,0.006686,0.120504,0.055126
37,0.749919,0.071253,0.746346,0.012448,0.022379,0.005804,0.157865,0.003674,0.027612,0.006629,0.024843,0.008923,0.018784,0.007503,0.024563,0.008503,0.094910,0.028403,1.113780,0.081529,1.108601,0.013309,0.022262,0.007960,0.158451,0.007582,0.027612,0.006629,0.024843,0.008923,0.018570,0.008395,0.022887,0.007936,0.114160,0.050377
38,0.740836,0.055998,0.745075,0.011684,0.023727,0.005893,0.157522,0.001920,0.027705,0.007196,0.027749,0.006303,0.020466,0.007130,0.026564,0.007845,0.095479,0.030473,1.104638,0.061781,1.107624,0.012741,0.023570,0.007686,0.157809,0.007450,0.027705,0.007196,0.027749,0.006303,0.021256,0.007600,0.026249,0.008007,0.111335,0.042388
39,0.786840,0.070350,0.748681,0.015600,0.024505,0.005166,0.158408,0.003862,0.030208,0.005235,0.028676,0.005662,0.020908,0.006166,0.024072,0.009546,0.095179,0.025027,1.156564,0.078244,1.112055,0.017429,0.024515,0.005913,0.159376,0.004556,0.030208,0.005235,0.028676,0.005662,0.021742,0.007387,0.024394,0.008034,0.108308,0.038564
40,0.774203,0.069804,0.750686,0.015839,0.025319,0.005313,0.159811,0.005473,0.024405,0.007203,0.027820,0.007569,0.021764,0.006084,0.023667,0.008674,0.088547,0.020135,1.142188,0.074765,1.114644,0.017474,0.025410,0.005295,0.159747,0.003293,0.024405,0.007203,0.027820,0.007569,0.022049,0.006922,0.024600,0.007974,0.104223,0.037571
41,0.756682,0.039046,0.750715,0.014542,0.026181,0.006022,0.160230,0.005101,0.025217,0.005820,0.023156,0.007848,0.023164,0.005234,0.024436,0.008609,0.076850,0.018494,1.125794,0.042840,1.115320,0.016400,0.026306,0.005577,0.160182,0.005502,0.025217,0.005820,0.023156,0.007848,0.023320,0.007125,0.025256,0.007431,0.097044,0.034784
42,0.778486,0.064353,0.752923,0.012478,0.024058,0.007410,0.160166,0.008745,0.022852,0.006354,0.019511,0.010218,0.022322,0.006376,0.022909,0.005858,0.066133,0.016455,1.147422,0.068924,1.118076,0.014322,0.026102,0.005893,0.161305,0.007186,0.022852,0.006354,0.019511,0.010218,0.022417,0.006499,0.023506,0.005819,0.087519,0.028285
43,0.786576,0.121325,0.755571,0.017122,0.024148,0.005267,0.160390,0.009150,0.022387,0.005276,0.021054,0.007943,0.022706,0.004711,0.024669,0.006930,0.061572,0.014462,1.154700,0.130162,1.121162,0.019205,0.025619,0.005262,0.161640,0.006810,0.022387,0.005276,0.021054,0.007943,0.022604,0.006124,0.026072,0.006901,0.077146,0.021489
44,0.800299,0.053037,0.759679,0.016715,0.025861,0.005480,0.160077,0.008784,0.026174,0.006032,0.022556,0.011296,0.024737,0.006502,0.023497,0.007704,0.064199,0.011926,1.175676,0.055300,1.126336,0.018788,0.027067,0.006867,0.162225,0.006728,0.026174,0.006032,0.022556,0.011296,0.023292,0.007078,0.024331,0.007829,0.069862,0.018595
45,0.816448,0.070459,0.764785,0.018019,0.024729,0.004919,0.160119,0.005317,0.027899,0.004801,0.024123,0.007153,0.024127,0.006387,0.025623,0.005438,0.068074,0.009749,1.188801,0.073183,1.132109,0.019873,0.026546,0.005267,0.162194,0.005203,0.027899,0.004801,0.024123,0.007153,0.023381,0.006853,0.026524,0.005488,0.067799,0.017446
46,0.797497,0.067469,0.767381,0.019789,0.021557,0.004817,0.157834,0.007558,0.029233,0.009265,0.026376,0.005709,0.021306,0.005336,0.024223,0.006431,0.068127,0.015498,1.171524,0.071955,1.135509,0.021554,0.023797,0.005076,0.159828,0.005951,0.029233,0.009265,0.026376,0.005709,0.020718,0.005999,0.025819,0.007249,0.070219,0.017555
47,0.768430,0.044132,0.767016,0.019272,0.020400,0.006003,0.158674,0.005408,0.028504,0.007849,0.027918,0.009533,0.018804,0.008262,0.024497,0.004915,0.063807,0.023615,1.137256,0.046625,1.135306,0.020867,0.021002,0.007394,0.157006,0.007797,0.028504,0.007849,0.027918,0.009533,0.019387,0.007593,0.025435,0.005679,0.074432,0.018313
48,0.796432,0.074880,0.769248,0.018978,0.020714,0.004062,0.158175,0.005949,0.027028,0.009622,0.026365,0.009187,0.020021,0.005198,0.023474,0.005128,0.059203,0.025824,1.167224,0.079335,1.137952,0.020348,0.022355,0.005144,0.158864,0.007900,0.027028,0.009622,0.026365,0.009187,0.021500,0.004013,0.024296,0.006115,0.076455,0.020830
49,0.734553,0.061728,0.765198,0.018397,0.019511,0.003356,0.157555,0.003544,0.027942,0.007884,0.026742,0.009649,0.018800,0.004686,0.023451,0.006070,0.057021,0.022303,1.098223,0.072421,1.133486,0.020011,0.021695,0.003431,0.158749,0.006315,0.027942,0.007884,0.026742,0.009649,0.020297,0.003192,0.023906,0.006878,0.074516,0.023662
50,0.794972,0.056435,0.767698,0.018971,0.017684,0.006269,0.154838,0.005332,0.029419,0.006956,0.028231,0.009079,0.017187,0.007551,0.026664,0.007190,0.055053,0.018404,1.167890,0.060123,1.136562,0.020572,0.019386,0.005585,0.155186,0.005486,0.029419,0.006956,0.028231,0.009079,0.018754,0.006788,0.026780,0.007749,0.069404,0.025412
51,0.751756,0.098330,0.765437,0.014421,0.017110,0.005235,0.155560,0.006100,0.027610,0.003382,0.028315,0.005939,0.016849,0.005949,0.024925,0.006604,0.052141,0.016889,1.115346,0.105266,1.133903,0.015674,0.018119,0.005502,0.154890,0.007370,0.027610,0.003382,0.028315,0.005939,0.018233,0.004857,0.024762,0.007599,0.063874,0.024146
52,0.761323,0.073245,0.764594,0.015795,0.016933,0.004196,0.154510,0.005416,0.028136,0.006728,0.026877,0.005804,0.016297,0.004504,0.023669,0.004898,0.048419,0.017520,1.130242,0.077427,1.133181,0.017068,0.016443,0.005124,0.153045,0.009628,0.028136,0.006728,0.026877,0.005804,0.016658,0.004412,0.023420,0.004806,0.058694,0.019669
53,0.782578,0.056283,0.765570,0.019033,0.020200,0.004468,0.156772,0.003073,0.027336,0.010986,0.025462,0.007369,0.019705,0.006553,0.026242,0.010405,0.046862,0.015607,1.158497,0.059499,1.135073,0.020415,0.020548,0.005209,0.156264,0.008505,0.027336,0.010986,0.025462,0.007369,0.019923,0.005497,0.027216,0.011205,0.054696,0.014806
54,0.788914,0.027818,0.767416,0.016782,0.019396,0.003755,0.155623,0.003640,0.026304,0.008489,0.029323,0.008553,0.019560,0.005270,0.024296,0.006382,0.048409,0.010783,1.161510,0.030807,1.137338,0.018231,0.020197,0.003176,0.154792,0.005514,0.026304,0.008489,0.029323,0.008553,0.019490,0.004288,0.023774,0.006512,0.051441,0.014617
55,0.773897,0.042931,0.767592,0.013954,0.017843,0.002995,0.153597,0.005595,0.027424,0.006748,0.024970,0.007692,0.017314,0.003192,0.023521,0.007723,0.050280,0.009835,1.143837,0.046933,1.137621,0.014975,0.019183,0.002337,0.153611,0.004330,0.027424,0.006748,0.024970,0.007692,0.018187,0.003735,0.024380,0.008573,0.048216,0.017382
56,0.782608,0.058474,0.768502,0.014557,0.017212,0.004711,0.154951,0.006374,0.026666,0.004485,0.026000,0.007307,0.016448,0.003572,0.027244,0.011383,0.050623,0.013908,1.156094,0.061929,1.139025,0.015537,0.018731,0.002913,0.154899,0.004245,0.026666,0.004485,0.026000,0.007307,0.016641,0.003311,0.027561,0.013047,0.045376,0.017230
57,0.764822,0.094245,0.767222,0.019578,0.019817,0.004744,0.155253,0.006581,0.025948,0.006966,0.025236,0.009183,0.019414,0.004811,0.029999,0.004359,0.049074,0.016106,1.128073,0.103566,1.137204,0.020889,0.021488,0.006633,0.156358,0.008297,0.025948,0.006966,0.025236,0.009183,0.019517,0.005189,0.030192,0.004872,0.043975,0.012315
58,0.766367,0.079317,0.766558,0.021077,0.019440,0.004526,0.153607,0.003319,0.030708,0.008052,0.029562,0.006554,0.019496,0.006767,0.030023,0.008081,0.047183,0.014290,1.131746,0.085805,1.136226,0.022681,0.020776,0.007530,0.154515,0.010793,0.030708,0.008052,0.029562,0.006554,0.019322,0.007132,0.031551,0.008077,0.043392,0.006457
59,0.755641,0.064563,0.764838,0.020732,0.018803,0.002852,0.154425,0.003231,0.031083,0.006526,0.028577,0.010106,0.019255,0.004505,0.027905,0.006428,0.044994,0.012754,1.120733,0.070869,1.134142,0.022204,0.019863,0.005043,0.154414,0.007535,0.031083,0.006526,0.028577,0.010106,0.018911,0.004539,0.028236,0.007435,0.043263,0.006919
60,0.795698,0.067112,0.767176,0.020094,0.019676,0.003561,0.155521,0.002386,0.027089,0.006645,0.026161,0.008155,0.020379,0.005329,0.027541,0.008060,0.042947,0.013923,1.165631,0.069778,1.136690,0.021185,0.020230,0.004985,0.154694,0.007278,0.027089,0.006645,0.026161,0.008155,0.019992,0.004140,0.028878,0.008426,0.043495,0.009492
61,0.752690,0.089630,0.764674,0.020880,0.020122,0.004644,0.155066,0.004440,0.028002,0.005831,0.027821,0.003711,0.021265,0.007099,0.030448,0.007683,0.041737,0.015981,1.111980,0.099930,1.133373,0.022473,0.020170,0.004184,0.153751,0.007078,0.028002,0.005831,0.027821,0.003711,0.020403,0.006313,0.029829,0.007464,0.043707,0.009379
62,0.756654,0.032655,0.763116,0.018208,0.021388,0.006979,0.153715,0.006732,0.029329,0.007123,0.028028,0.007077,0.023146,0.008334,0.027266,0.010080,0.040765,0.017126,1.126408,0.035376,1.132066,0.019924,0.021890,0.004754,0.153096,0.008303,0.029329,0.007123,0.028028,0.007077,0.022556,0.007324,0.029325,0.010777,0.043153,0.007797
63,0.797405,0.061648,0.765756,0.017441,0.020585,0.005058,0.152672,0.007479,0.027563,0.009349,0.027431,0.006858,0.021637,0.007703,0.027901,0.006988,0.039790,0.016969,1.166900,0.062425,1.134902,0.019103,0.020074,0.004007,0.151032,0.009501,0.027563,0.009349,0.027431,0.006858,0.020411,0.007286,0.027728,0.006500,0.042070,0.005874
64,0.748866,0.054907,0.763419,0.016642,0.019387,0.005298,0.149628,0.006714,0.029171,0.009980,0.030089,0.005862,0.020165,0.009187,0.030604,0.012874,0.038899,0.016374,1.117754,0.056177,1.132658,0.018073,0.018942,0.004300,0.149465,0.009277,0.029171,0.009980,0.030089,0.005862,0.019408,0.008294,0.029949,0.012910,0.039665,0.005857
65,0.786380,0.041854,0.764681,0.017199,0.019428,0.006001,0.151465,0.008354,0.026769,0.005314,0.030378,0.008496,0.020494,0.010614,0.028364,0.006578,0.038074,0.015402,1.154306,0.043677,1.134030,0.018332,0.018409,0.004956,0.148897,0.010852,0.026769,0.005314,0.030378,0.008496,0.020316,0.008727,0.028335,0.006301,0.037217,0.007599
66,0.745419,0.067513,0.762154,0.012651,0.020269,0.006302,0.151570,0.010193,0.027211,0.008194,0.032508,0.008332,0.021170,0.010025,0.030146,0.009159,0.037339,0.013583,1.111877,0.071401,1.131345,0.013741,0.019010,0.005081,0.148402,0.011735,0.027211,0.008194,0.032508,0.008332,0.021809,0.007267,0.029518,0.006573,0.035305,0.008243
67,0.714206,0.096176,0.756688,0.009305,0.018385,0.004209,0.149685,0.007136,0.030445,0.006056,0.031764,0.009631,0.019643,0.007353,0.027630,0.006673,0.036776,0.010255,1.073107,0.110543,1.124979,0.010721,0.017716,0.005061,0.148476,0.010054,0.030445,0.006056,0.031764,0.009631,0.019795,0.007328,0.028293,0.006316,0.035024,0.007461
68,0.724931,0.060953,0.753067,0.009217,0.017863,0.003986,0.149072,0.006921,0.027163,0.006723,0.026783,0.008924,0.018293,0.005698,0.024183,0.006190,0.035536,0.007340,1.087637,0.069580,1.120871,0.010720,0.017938,0.003642,0.146648,0.011254,0.027163,0.006723,0.026783,0.008924,0.019028,0.005511,0.023972,0.006333,0.036891,0.006965
69,0.760843,0.047815,0.753387,0.010502,0.021783,0.005137,0.152990,0.007501,0.025291,0.008197,0.027003,0.009239,0.022346,0.006112,0.030791,0.009946,0.033267,0.005972,1.128195,0.050825,1.121254,0.011857,0.021405,0.002617,0.149172,0.011041,0.025291,0.008197,0.027003,0.009239,0.022909,0.006370,0.030854,0.009484,0.038553,0.007193
70,0.800974,0.059785,0.757506,0.012555,0.021232,0.005591,0.152165,0.009338,0.028368,0.008987,0.030180,0.009450,0.021123,0.006880,0.028205,0.004156,0.030368,0.006216,1.172778,0.064099,1.125895,0.014191,0.020038,0.003591,0.146356,0.012334,0.028368,0.008987,0.030180,0.009450,0.021892,0.006630,0.029368,0.004725,0.039216,0.007728
71,0.751759,0.040566,0.756269,0.012739,0.020568,0.005625,0.152661,0.012019,0.031131,0.005905,0.027746,0.008978,0.020736,0.009288,0.027601,0.007048,0.027303,0.006532,1.119243,0.045180,1.124721,0.014040,0.018808,0.005890,0.147004,0.012273,0.031131,0.005905,0.027746,0.008978,0.021299,0.008730,0.027403,0.007093,0.038645,0.006829
72,0.761691,0.078400,0.756303,0.011786,0.019873,0.006116,0.152833,0.010705,0.030535,0.004526,0.026082,0.007101,0.020114,0.008774,0.022419,0.005645,0.025795,0.006979,1.130133,0.086988,1.124830,0.013328,0.018322,0.005794,0.146415,0.011670,0.030535,0.004526,0.026082,0.007101,0.020929,0.007530,0.022938,0.005056,0.037399,0.004930
73,0.762764,0.080124,0.756216,0.014284,0.017822,0.005686,0.150778,0.008555,0.027673,0.004136,0.026832,0.004595,0.018405,0.006942,0.022548,0.006572,0.025727,0.007102,1.128995,0.086181,1.124675,0.015748,0.016946,0.004763,0.145503,0.010909,0.027673,0.004136,0.026832,0.004595,0.019572,0.005780,0.023031,0.006063,0.035993,0.003455
74,0.797928,0.055740,0.759498,0.015376,0.019381,0.003494,0.150891,0.009104,0.027808,0.007059,0.025242,0.005416,0.020415,0.004211,0.024495,0.007708,0.027469,0.007923,1.167961,0.058903,1.128297,0.016825,0.018447,0.004409,0.146045,0.011182,0.027808,0.007059,0.025242,0.005416,0.021469,0.004185,0.024824,0.007548,0.034607,0.003146
75,0.723262,0.027485,0.755094,0.015093,0.020111,0.006028,0.151649,0.008797,0.023312,0.006537,0.022800,0.006361,0.021127,0.005395,0.027768,0.009586,0.030077,0.008959,1.088424,0.025941,1.123701,0.016328,0.019495,0.005022,0.146597,0.011188,0.023312,0.006537,0.022800,0.006361,0.021822,0.004335,0.028083,0.009587,0.033799,0.004046
76,0.772143,0.078161,0.756223,0.012547,0.019961,0.006694,0.150738,0.010044,0.023900,0.005314,0.019708,0.006557,0.020835,0.007148,0.026636,0.009258,0.032808,0.009644,1.140815,0.085576,1.124959,0.013276,0.019675,0.006202,0.146924,0.014202,0.023900,0.005314,0.019708,0.006557,0.022213,0.006065,0.026884,0.009352,0.033405,0.005204
77,0.783249,0.080672,0.758631,0.013577,0.017473,0.007966,0.148634,0.007552,0.026411,0.007653,0.020422,0.007409,0.019483,0.006649,0.025981,0.008384,0.034637,0.009696,1.152530,0.087558,1.127461,0.014439,0.018251,0.007071,0.146355,0.016091,0.026411,0.007653,0.020422,0.007409,0.020636,0.006610,0.026176,0.008519,0.033245,0.006526
78,0.764240,0.071344,0.758051,0.015056,0.018840,0.007167,0.149490,0.005488,0.028573,0.008099,0.019989,0.004481,0.019080,0.007814,0.025209,0.006010,0.034952,0.009783,1.129119,0.079991,1.126711,0.016149,0.018759,0.007347,0.147091,0.014024,0.028573,0.008099,0.019989,0.004481,0.019864,0.007139,0.025321,0.005647,0.033096,0.007987
79,0.748006,0.086092,0.756339,0.015773,0.018340,0.005782,0.148544,0.007673,0.022144,0.005685,0.021981,0.006119,0.018963,0.008340,0.026031,0.010081,0.035050,0.009607,1.114228,0.092577,1.124874,0.017211,0.019011,0.006875,0.146838,0.014941,0.022144,0.005685,0.021981,0.006119,0.019902,0.006920,0.026618,0.010763,0.032761,0.009059
80,0.767095,0.049547,0.756568,0.013274,0.018342,0.004016,0.147799,0.006870,0.026029,0.008989,0.019708,0.006182,0.018670,0.005362,0.024198,0.005107,0.034769,0.009196,1.135704,0.053786,1.125293,0.015063,0.018300,0.004874,0.144199,0.011724,0.026029,0.008989,0.019708,0.006182,0.020083,0.004980,0.024657,0.005059,0.032924,0.009238
81,0.771650,0.055751,0.757249,0.012745,0.018980,0.005942,0.147655,0.006478,0.026102,0.006238,0.020143,0.004614,0.020600,0.005541,0.027549,0.005650,0.033975,0.008438,1.141037,0.061428,1.126190,0.014347,0.018923,0.005057,0.142555,0.013761,0.026102,0.006238,0.020143,0.004614,0.021950,0.006936,0.027960,0.005551,0.033327,0.008373
82,0.766955,0.055353,0.757780,0.010867,0.020918,0.005945,0.147245,0.005367,0.031916,0.009289,0.023883,0.004465,0.022594,0.008184,0.026105,0.007422,0.032940,0.007422,1.134612,0.058791,1.126674,0.012034,0.019986,0.006704,0.140060,0.016183,0.031916,0.009289,0.023883,0.004465,0.024142,0.007789,0.026587,0.007681,0.034026,0.007458
83,0.794352,0.082289,0.760952,0.012310,0.019530,0.008191,0.147595,0.007794,0.031625,0.008887,0.022843,0.004925,0.020272,0.009622,0.024523,0.006952,0.031911,0.006301,1.166356,0.089034,1.130256,0.013469,0.019851,0.008715,0.141307,0.017538,0.031625,0.008887,0.022843,0.004925,0.021453,0.009048,0.024983,0.006970,0.034112,0.007133
84,0.740358,0.054458,0.758199,0.012727,0.019568,0.004663,0.149713,0.006655,0.030574,0.009606,0.024565,0.005942,0.021248,0.008048,0.030879,0.009670,0.031181,0.006047,1.106544,0.057207,1.127340,0.014045,0.018328,0.006807,0.142683,0.014446,0.030574,0.009606,0.024565,0.005942,0.021672,0.006718,0.031241,0.010008,0.032867,0.006720
85,0.768716,0.098632,0.758479,0.010064,0.017400,0.005583,0.148109,0.004854,0.026977,0.006459,0.022049,0.005264,0.018734,0.007419,0.025184,0.006024,0.030294,0.006360,1.132557,0.105816,1.127233,0.011379,0.016000,0.006194,0.139771,0.014335,0.026977,0.006459,0.022049,0.005264,0.019402,0.006479,0.025544,0.006099,0.031826,0.006974
86,0.831158,0.079686,0.765274,0.012682,0.018099,0.005772,0.148326,0.006467,0.028584,0.007212,0.022855,0.004120,0.020672,0.006443,0.030969,0.008004,0.029928,0.007012,1.208359,0.083284,1.134982,0.014288,0.017337,0.006513,0.138810,0.014974,0.028584,0.007212,0.022855,0.004120,0.020835,0.005540,0.031444,0.008552,0.031094,0.007188
87,0.798307,0.081225,0.768006,0.012844,0.016276,0.003618,0.145213,0.006173,0.025763,0.006013,0.020402,0.007767,0.018327,0.004989,0.023980,0.006778,0.030213,0.007719,1.167819,0.089190,1.137830,0.014545,0.016296,0.003881,0.136298,0.016170,0.025763,0.006013,0.020402,0.007767,0.019138,0.002813,0.024085,0.006839,0.031164,0.007643
88,0.782612,0.065603,0.768845,0.013400,0.016332,0.005792,0.143963,0.009218,0.024419,0.008335,0.025369,0.008662,0.017296,0.006724,0.023852,0.008030,0.030196,0.007999,1.152276,0.068294,1.138789,0.014465,0.015086,0.004633,0.132117,0.014662,0.024419,0.008335,0.025369,0.008662,0.017539,0.006101,0.024346,0.008269,0.031124,0.007883
89,0.758000,0.062140,0.767008,0.014437,0.015824,0.006346,0.143689,0.008651,0.023699,0.010879,0.023776,0.007334,0.016834,0.006857,0.028585,0.007483,0.030237,0.008273,1.126769,0.070163,1.136945,0.016020,0.015264,0.004189,0.131158,0.013990,0.023699,0.010879,0.023776,0.007334,0.016881,0.006122,0.029058,0.007513,0.030754,0.007681
90,0.774602,0.051075,0.767112,0.016406,0.018621,0.004072,0.144757,0.007321,0.027183,0.008333,0.025494,0.009441,0.020296,0.005092,0.029255,0.006286,0.030968,0.008698,1.144476,0.056237,1.137179,0.018398,0.017889,0.004616,0.133008,0.012742,0.027183,0.008333,0.025494,0.009441,0.020779,0.004442,0.029827,0.006145,0.030071,0.006786
91,0.787810,0.055016,0.768682,0.015608,0.017396,0.003919,0.142555,0.008468,0.026403,0.007162,0.025670,0.006265,0.020252,0.004871,0.027258,0.007319,0.031886,0.008975,1.156398,0.061243,1.138716,0.017461,0.016103,0.004266,0.130020,0.015090,0.026403,0.007162,0.025670,0.006265,0.021415,0.003908,0.027676,0.007620,0.029833,0.006084
92,0.738649,0.046541,0.764783,0.014608,0.018331,0.006285,0.140586,0.014535,0.032112,0.008006,0.024793,0.008386,0.021590,0.005613,0.027695,0.006834,0.032318,0.008705,1.105869,0.048231,1.134740,0.016142,0.017351,0.005289,0.127198,0.019532,0.032112,0.008006,0.024793,0.008386,0.023144,0.003495,0.028069,0.006955,0.030246,0.005857
93,0.801392,0.062842,0.767685,0.012417,0.017257,0.005211,0.138688,0.011282,0.024520,0.007044,0.024471,0.010392,0.020071,0.004707,0.024533,0.005057,0.032580,0.008073,1.171546,0.069687,1.137816,0.013427,0.017284,0.005619,0.128251,0.019494,0.024520,0.007044,0.024471,0.010392,0.021324,0.003040,0.024460,0.005052,0.030628,0.005714
94,0.777292,0.028479,0.767669,0.011556,0.019002,0.003428,0.140162,0.010217,0.023914,0.005715,0.023076,0.008206,0.021696,0.005246,0.027747,0.007055,0.032208,0.007273,1.146667,0.027495,1.137943,0.012738,0.019773,0.004962,0.131550,0.019223,0.023914,0.005715,0.023076,0.008206,0.022766,0.003776,0.028258,0.007240,0.030962,0.005525
95,0.751868,0.056496,0.765638,0.010846,0.019739,0.004316,0.140630,0.010096,0.025480,0.003802,0.020679,0.005334,0.022814,0.005867,0.026185,0.005986,0.031578,0.006559,1.120716,0.061830,1.135871,0.012069,0.020110,0.005729,0.131132,0.016177,0.025480,0.003802,0.020679,0.005334,0.024147,0.004128,0.026368,0.006276,0.031792,0.005794
96,0.784937,0.063512,0.766847,0.011056,0.018553,0.004061,0.138864,0.008582,0.024795,0.003842,0.022797,0.004849,0.021308,0.004037,0.026931,0.010370,0.030791,0.005848,1.156062,0.070047,1.137329,0.012373,0.019184,0.004457,0.128370,0.015654,0.024795,0.003842,0.022797,0.004849,0.022570,0.002816,0.027150,0.010253,0.031519,0.006521
97,0.782398,0.048203,0.767369,0.007743,0.019008,0.002823,0.138588,0.010340,0.021750,0.008299,0.020717,0.007526,0.022700,0.003241,0.029298,0.004529,0.030368,0.005407,1.147015,0.053528,1.137415,0.008833,0.019547,0.003404,0.128734,0.015739,0.021750,0.008299,0.020717,0.007526,0.024070,0.003635,0.030062,0.005119,0.031702,0.007207
98,0.735467,0.082309,0.763880,0.011501,0.016710,0.003799,0.136660,0.010569,0.024760,0.003961,0.020481,0.003067,0.021408,0.007197,0.027376,0.007023,0.029966,0.005338,1.104178,0.091525,1.133854,0.012922,0.017729,0.003594,0.126601,0.020271,0.024760,0.003961,0.020481,0.003067,0.022671,0.005899,0.027515,0.007244,0.031369,0.007515
99,0.796765,0.050743,0.766638,0.011320,0.016037,0.005674,0.135604,0.010738,0.026670,0.007185,0.022122,0.007058,0.019242,0.007862,0.025206,0.006845,0.030154,0.005760,1.169848,0.055681,1.137028,0.012684,0.016889,0.003039,0.125962,0.021137,0.026670,0.007185,0.022122,0.007058,0.020115,0.007180,0.025597,0.006761,0.030663,0.007445
100,0.761696,0.037168,0.765504,0.011986,0.018673,0.003926,0.135435,0.012201,0.029352,0.005945,0.025017,0.005623,0.021960,0.007338,0.028834,0.010010,0.030391,0.006242,1.128222,0.040678,1.135630,0.013252,0.018752,0.004349,0.124279,0.020371,0.029352,0.005945,0.025017,0.005623,0.022571,0.006694,0.028948,0.009887,0.030331,0.007302
101,0.755289,0.107531,0.763744,0.017744,0.018341,0.003196,0.137048,0.012438,0.023378,0.009487,0.021609,0.006986,0.020790,0.006853,0.024516,0.008001,0.030436,0.006274,1.120565,0.113234,1.133563,0.019343,0.018679,0.004334,0.123752,0.019943,0.023378,0.009487,0.021609,0.006986,0.021520,0.006270,0.024980,0.007713,0.030164,0.007015
102,0.830476,0.086365,0.769967,0.012596,0.021429,0.003770,0.138237,0.014346,0.026912,0.007388,0.022066,0.005511,0.023311,0.007184,0.026775,0.010057,0.030456,0.006478,1.207266,0.090332,1.140584,0.013628,0.020379,0.006981,0.123619,0.020554,0.026912,0.007388,0.022066,0.005511,0.024505,0.005607,0.027319,0.010229,0.030713,0.007283
103,0.766623,0.040384,0.769212,0.009241,0.022375,0.005199,0.138428,0.015387,0.023277,0.004553,0.021131,0.004572,0.024028,0.007687,0.027334,0.008689,0.030832,0.006950,1.134615,0.046157,1.139652,0.010049,0.020652,0.007505,0.121767,0.022645,0.023277,0.004553,0.021131,0.004572,0.025653,0.005770,0.027503,0.008445,0.030972,0.007517
104,0.798658,0.085153,0.771319,0.014698,0.022907,0.004889,0.137203,0.015540,0.025685,0.005475,0.021112,0.007511,0.024682,0.006351,0.025866,0.008394,0.031480,0.007418,1.164961,0.088981,1.141492,0.015887,0.021056,0.006779,0.121247,0.021925,0.025685,0.005475,0.021112,0.007511,0.026127,0.006088,0.026194,0.008119,0.030837,0.007543
105,0.768348,0.055509,0.770305,0.015522,0.019349,0.005863,0.133542,0.015907,0.027763,0.010132,0.021907,0.006731,0.021922,0.007005,0.026308,0.006714,0.031714,0.007947,1.138323,0.061484,1.140622,0.016847,0.018037,0.005987,0.118179,0.023388,0.027763,0.010132,0.021907,0.006731,0.023250,0.006361,0.026628,0.006612,0.030834,0.007679
106,0.715348,0.099718,0.763967,0.014342,0.018454,0.005581,0.132842,0.012208,0.025893,0.009891,0.022782,0.007846,0.021810,0.005901,0.024918,0.006514,0.031564,0.008144,1.076542,0.113169,1.133501,0.016046,0.016217,0.005361,0.114865,0.023689,0.025893,0.009891,0.022782,0.007846,0.022960,0.005167,0.025122,0.006338,0.030878,0.007543
107,0.792246,0.086072,0.766040,0.013403,0.017624,0.007731,0.131381,0.012115,0.029109,0.009439,0.025865,0.008811,0.021587,0.006362,0.024854,0.009674,0.030928,0.007891,1.161795,0.092566,1.135766,0.015576,0.017586,0.003354,0.114828,0.022486,0.029109,0.009439,0.025865,0.008811,0.021910,0.007261,0.025192,0.009534,0.030510,0.007195
108,0.738444,0.064983,0.762496,0.012453,0.018325,0.005337,0.131348,0.012012,0.032410,0.008269,0.028291,0.010317,0.020119,0.007153,0.026693,0.008145,0.030125,0.007499,1.097987,0.072622,1.131349,0.014635,0.018739,0.005305,0.117189,0.023156,0.032410,0.008269,0.028291,0.010317,0.021471,0.006946,0.026838,0.008224,0.030639,0.006970
109,0.808953,0.109483,0.766678,0.015406,0.018761,0.004055,0.131998,0.014635,0.029301,0.009123,0.028697,0.010411,0.020444,0.008355,0.026355,0.011002,0.030033,0.007211,1.182235,0.115212,1.136052,0.017435,0.019316,0.004121,0.117244,0.024764,0.029301,0.009123,0.028697,0.010411,0.022038,0.007281,0.026877,0.011138,0.030968,0.006856
110,0.733824,0.055303,0.762987,0.011652,0.020451,0.003025,0.132820,0.014834,0.027566,0.008025,0.028031,0.008037,0.021700,0.009025,0.029408,0.009814,0.030006,0.006955,1.101213,0.064227,1.132217,0.013049,0.020947,0.003280,0.117372,0.024964,0.027566,0.008025,0.028031,0.008037,0.023571,0.007408,0.029741,0.009730,0.031068,0.006655
111,0.815679,0.116192,0.767448,0.015471,0.020179,0.003013,0.132355,0.014665,0.026772,0.007957,0.026280,0.007393,0.021822,0.006972,0.027732,0.005092,0.029923,0.006826,1.185010,0.121677,1.136876,0.016844,0.018822,0.004733,0.115547,0.023080,0.026772,0.007957,0.026280,0.007393,0.023313,0.006619,0.028141,0.005252,0.031103,0.006465
112,0.790707,0.080717,0.768845,0.017931,0.020638,0.002206,0.130031,0.015511,0.025659,0.007157,0.025302,0.009849,0.020621,0.005480,0.024258,0.006189,0.030625,0.007138,1.155839,0.081275,1.138016,0.019605,0.019701,0.003638,0.115762,0.021696,0.025659,0.007157,0.025302,0.009849,0.022554,0.005625,0.024709,0.006404,0.031052,0.006153
113,0.782865,0.069273,0.769657,0.015200,0.020818,0.004912,0.129959,0.018563,0.027451,0.008791,0.026444,0.009544,0.021242,0.004853,0.026282,0.008031,0.030765,0.007374,1.152089,0.078952,1.138960,0.016303,0.020654,0.006387,0.111722,0.024254,0.027451,0.008791,0.026444,0.009544,0.022866,0.006003,0.026461,0.007950,0.031030,0.006167
114,0.801256,0.060899,0.772130,0.014492,0.019889,0.006356,0.127698,0.021316,0.027227,0.008568,0.027561,0.007424,0.021074,0.007013,0.025778,0.009567,0.030503,0.006983,1.172199,0.063483,1.141724,0.015907,0.021184,0.005525,0.110359,0.024546,0.027227,0.008568,0.027561,0.007424,0.022565,0.007423,0.026228,0.009493,0.031145,0.006557
115,0.737607,0.044959,0.768113,0.012380,0.018350,0.006551,0.126772,0.020997,0.022595,0.006308,0.024127,0.005280,0.020552,0.007515,0.024559,0.006326,0.030237,0.006904,1.104307,0.048954,1.137543,0.013310,0.018665,0.004091,0.106776,0.025775,0.022595,0.006308,0.024127,0.005280,0.021719,0.008266,0.024897,0.005987,0.030526,0.006574
116,0.790733,0.042992,0.769845,0.011842,0.022024,0.005683,0.129086,0.021798,0.027613,0.010495,0.025276,0.010863,0.023050,0.006044,0.026611,0.008372,0.030009,0.006986,1.163234,0.048262,1.139672,0.012881,0.021244,0.005928,0.107259,0.027948,0.027613,0.010495,0.025276,0.010863,0.024571,0.006204,0.027139,0.009238,0.030276,0.006526
117,0.814647,0.043590,0.773586,0.012303,0.023289,0.006287,0.131242,0.023360,0.028917,0.010399,0.025755,0.007115,0.025667,0.007217,0.033578,0.008829,0.030497,0.007144,1.187917,0.044804,1.143925,0.013065,0.023619,0.006818,0.109203,0.029075,0.028917,0.010399,0.025755,0.007115,0.026884,0.007472,0.033799,0.008382,0.030012,0.006624
118,0.751838,0.081666,0.770517,0.011923,0.021520,0.005951,0.130510,0.021988,0.027490,0.009999,0.024525,0.008410,0.024293,0.008042,0.026323,0.007132,0.031241,0.007435,1.116938,0.092800,1.140498,0.012856,0.021588,0.007287,0.107631,0.028805,0.027490,0.009999,0.024525,0.008410,0.025490,0.008637,0.026517,0.007416,0.030163,0.006897
119,0.728257,0.051022,0.765691,0.011147,0.018664,0.006182,0.127538,0.024374,0.024766,0.005595,0.023848,0.008295,0.020415,0.008767,0.023602,0.007477,0.031427,0.007375,1.093890,0.054621,1.135335,0.011466,0.018863,0.007079,0.104185,0.032814,0.024766,0.005595,0.023848,0.008295,0.022696,0.008599,0.023711,0.007659,0.030660,0.007035
120,0.749308,0.046461,0.763447,0.009204,0.019363,0.004007,0.123825,0.022619,0.026929,0.007968,0.023465,0.008656,0.020306,0.007589,0.023793,0.009821,0.031100,0.006886,1.119607,0.048611,1.133271,0.009354,0.019002,0.006484,0.101258,0.030946,0.026929,0.007968,0.023465,0.008656,0.022398,0.006276,0.024047,0.009531,0.030783,0.007190
121,0.784852,0.038243,0.764698,0.007715,0.019225,0.003957,0.121645,0.023813,0.026248,0.007799,0.020604,0.006333,0.020059,0.008310,0.025368,0.008564,0.030494,0.006519,1.153955,0.038651,1.134642,0.007910,0.018100,0.006871,0.100920,0.031545,0.026248,0.007799,0.020604,0.006333,0.021938,0.006701,0.025710,0.008799,0.030897,0.007307
122,0.773565,0.054598,0.764419,0.010857,0.019242,0.005923,0.120795,0.023605,0.027589,0.008123,0.026016,0.007640,0.021436,0.006746,0.025639,0.005782,0.030403,0.006415,1.137224,0.057831,1.133966,0.011441,0.019746,0.005302,0.099894,0.029977,0.027589,0.008123,0.026016,0.007640,0.023006,0.004082,0.026169,0.005955,0.030813,0.007246
123,0.768533,0.056899,0.763835,0.011836,0.020564,0.008036,0.121849,0.023170,0.024893,0.009068,0.028095,0.007315,0.022078,0.007277,0.027928,0.008944,0.030206,0.006239,1.132096,0.060597,1.133000,0.012504,0.019773,0.006805,0.100072,0.030594,0.024893,0.009068,0.028095,0.007315,0.024678,0.004398,0.028436,0.008913,0.030407,0.006938
124,0.812291,0.091087,0.767668,0.013181,0.024879,0.006246,0.125495,0.022784,0.025302,0.007042,0.025727,0.005682,0.023594,0.007289,0.028244,0.009156,0.030258,0.006371,1.182486,0.095127,1.137150,0.014025,0.022642,0.006550,0.100647,0.030306,0.025302,0.007042,0.025727,0.005682,0.026534,0.005717,0.028804,0.009024,0.030083,0.006736
125,0.753519,0.053456,0.765124,0.013755,0.025974,0.006103,0.124442,0.025727,0.028419,0.008283,0.026818,0.004922,0.025183,0.009812,0.029823,0.008831,0.030421,0.006651,1.120291,0.056972,1.134539,0.014901,0.023847,0.008560,0.099482,0.033842,0.028419,0.008283,0.026818,0.004922,0.028489,0.008020,0.030352,0.008774,0.030402,0.007063
126,0.737694,0.047400,0.761351,0.013104,0.023301,0.005517,0.121297,0.025093,0.027572,0.008122,0.023859,0.004649,0.024219,0.008731,0.026132,0.006155,0.031037,0.007229,1.101308,0.049989,1.130387,0.014132,0.021243,0.007429,0.097186,0.032448,0.027572,0.008122,0.023859,0.004649,0.027053,0.007353,0.026138,0.006297,0.031063,0.007476
127,0.764803,0.060855,0.761175,0.015806,0.023762,0.008048,0.119535,0.026250,0.028943,0.005302,0.027137,0.005963,0.026774,0.008406,0.027731,0.008309,0.030733,0.007033,1.134602,0.065734,1.130400,0.017300,0.020528,0.009772,0.096136,0.034746,0.028943,0.005302,0.027137,0.005963,0.029307,0.007112,0.028276,0.008424,0.031023,0.007603
128,0.762140,0.081904,0.760715,0.016681,0.022127,0.007633,0.118594,0.021600,0.025859,0.005070,0.026107,0.006555,0.024847,0.006627,0.024956,0.005952,0.030669,0.007108,1.127712,0.088658,1.129674,0.018115,0.019621,0.006362,0.094697,0.029884,0.025859,0.005070,0.026107,0.006555,0.027075,0.006875,0.025350,0.005604,0.030586,0.007139
129,0.737965,0.077609,0.757921,0.017674,0.022185,0.006511,0.116876,0.022612,0.025613,0.007705,0.023110,0.009332,0.024888,0.005818,0.026661,0.008552,0.030422,0.007146,1.101598,0.087067,1.126447,0.019587,0.019964,0.006608,0.095777,0.030734,0.025613,0.007705,0.023110,0.009332,0.026554,0.007140,0.027312,0.008068,0.030607,0.006905
130,0.792338,0.046056,0.760218,0.020016,0.020820,0.007741,0.112596,0.024939,0.026632,0.007075,0.024581,0.005597,0.025585,0.005126,0.027965,0.006229,0.030887,0.007193,1.159130,0.050864,1.128805,0.022063,0.018866,0.005535,0.091007,0.028385,0.026632,0.007075,0.024581,0.005597,0.026796,0.006692,0.028185,0.006204,0.030623,0.006895
131,0.776809,0.076408,0.761235,0.022388,0.021922,0.004799,0.113043,0.027480,0.023464,0.005965,0.021624,0.004865,0.024914,0.008022,0.025777,0.012142,0.031379,0.007237,1.146528,0.084184,1.130063,0.024866,0.018390,0.005910,0.091075,0.028285,0.023464,0.005965,0.021624,0.004865,0.026552,0.008793,0.026020,0.011887,0.030349,0.006641
132,0.745643,0.087299,0.758743,0.023747,0.022650,0.006943,0.112104,0.027238,0.021273,0.005185,0.021993,0.004173,0.025489,0.007263,0.025809,0.005275,0.030924,0.007099,1.106447,0.089855,1.126955,0.026310,0.019749,0.005302,0.091447,0.028862,0.021273,0.005185,0.021993,0.004173,0.027121,0.008776,0.026184,0.004636,0.030351,0.006608
133,0.776535,0.034246,0.760063,0.021612,0.022488,0.006579,0.111501,0.026430,0.019408,0.005320,0.020328,0.004782,0.024829,0.008456,0.026512,0.008810,0.030417,0.006870,1.147737,0.039492,1.128661,0.024194,0.021049,0.004792,0.092072,0.031411,0.019408,0.005320,0.020328,0.004782,0.026528,0.008721,0.026976,0.008733,0.030587,0.006829
134,0.744766,0.053354,0.757966,0.019856,0.020029,0.006017,0.110090,0.028035,0.019382,0.006933,0.018735,0.006083,0.022150,0.006328,0.023551,0.007177,0.030439,0.006907,1.110088,0.063369,1.126355,0.022052,0.018272,0.004583,0.090339,0.030063,0.019382,0.006933,0.018735,0.006083,0.023756,0.007466,0.023830,0.007370,0.030729,0.006885
135,0.802635,0.045239,0.761745,0.016675,0.020221,0.006919,0.108944,0.027638,0.027911,0.007523,0.025591,0.005970,0.022942,0.005366,0.027485,0.007102,0.030508,0.006953,1.172390,0.047715,1.130420,0.018773,0.018549,0.004510,0.088741,0.031259,0.027911,0.007523,0.025591,0.005970,0.024240,0.006761,0.027632,0.007131,0.030505,0.006682
136,0.740177,0.059070,0.758717,0.017214,0.020857,0.006130,0.110448,0.028106,0.027010,0.012475,0.026413,0.006413,0.023811,0.005823,0.025922,0.006420,0.030296,0.006706,1.104031,0.065815,1.127117,0.019107,0.020211,0.004052,0.087354,0.029654,0.027010,0.012475,0.026413,0.006413,0.025074,0.006785,0.026015,0.006574,0.030754,0.006943
137,0.790601,0.059553,0.760808,0.015227,0.018897,0.005241,0.107194,0.028000,0.033164,0.009522,0.029841,0.006299,0.024160,0.005755,0.026866,0.007554,0.030590,0.006895,1.155333,0.065284,1.129055,0.016825,0.020767,0.004471,0.086446,0.030383,0.033164,0.009522,0.029841,0.006299,0.025114,0.006364,0.027101,0.007855,0.031008,0.007075
138,0.744359,0.058382,0.758797,0.017799,0.019673,0.007415,0.105434,0.028464,0.029319,0.010654,0.027387,0.006116,0.024026,0.006837,0.026421,0.008589,0.030488,0.006749,1.112598,0.060974,1.127145,0.019226,0.022036,0.005673,0.084790,0.030349,0.029319,0.010654,0.027387,0.006116,0.024947,0.007607,0.026987,0.008120,0.030703,0.006932
139,0.763522,0.043556,0.758719,0.013828,0.018073,0.005484,0.103244,0.028154,0.030393,0.010387,0.024442,0.007461,0.022417,0.005996,0.026362,0.009266,0.030399,0.006714,1.130515,0.046612,1.127063,0.015049,0.021837,0.003703,0.083439,0.029609,0.030393,0.010387,0.024442,0.007461,0.023681,0.004784,0.026680,0.009119,0.030414,0.006845
140,0.806313,0.071723,0.762975,0.017693,0.020260,0.005713,0.103585,0.027224,0.029066,0.009425,0.025334,0.005646,0.022685,0.006726,0.028348,0.009959,0.030882,0.006957,1.178745,0.079831,1.131820,0.019311,0.021257,0.004509,0.081400,0.028628,0.029066,0.009425,0.025334,0.005646,0.023962,0.005635,0.028676,0.009480,0.030159,0.006703
141,0.769516,0.091144,0.762873,0.017457,0.020255,0.007690,0.102302,0.023771,0.028552,0.011294,0.022865,0.007816,0.024116,0.006637,0.026251,0.005546,0.031089,0.007256,1.136507,0.098077,1.131673,0.019741,0.021565,0.007120,0.081217,0.027544,0.028552,0.011294,0.022865,0.007816,0.025476,0.006669,0.026527,0.005611,0.030603,0.006889
142,0.789938,0.043711,0.764943,0.016552,0.020326,0.005365,0.100910,0.024850,0.030411,0.008311,0.024667,0.005182,0.026761,0.003796,0.031886,0.009184,0.030441,0.007117,1.160092,0.048972,1.134025,0.018737,0.020563,0.004562,0.075807,0.023843,0.030411,0.008311,0.024667,0.005182,0.028368,0.004905,0.032029,0.009264,0.031127,0.007034
143,0.771043,0.062362,0.765000,0.017614,0.020302,0.006570,0.100708,0.027637,0.028844,0.008689,0.025666,0.006338,0.027097,0.006043,0.026897,0.009457,0.030048,0.006985,1.143000,0.067449,1.134493,0.019614,0.020429,0.003803,0.076826,0.024314,0.028844,0.008689,0.025666,0.006338,0.028436,0.007977,0.027196,0.009490,0.031089,0.006909
144,0.814183,0.048769,0.769367,0.017611,0.019696,0.005924,0.099565,0.029540,0.025907,0.008788,0.022306,0.005313,0.026980,0.004426,0.026439,0.007095,0.030175,0.006918,1.188385,0.055739,1.139428,0.019770,0.020439,0.002922,0.075796,0.022773,0.025907,0.008788,0.022306,0.005313,0.027900,0.006067,0.027327,0.006912,0.030568,0.006823
145,0.755959,0.070314,0.767405,0.019058,0.017172,0.006580,0.095967,0.028108,0.023314,0.006958,0.022018,0.007449,0.025102,0.005098,0.027091,0.006894,0.030872,0.007036,1.123959,0.076227,1.137370,0.020774,0.018483,0.004658,0.074004,0.025578,0.023314,0.006958,0.022018,0.007449,0.026674,0.005498,0.027560,0.006916,0.030319,0.006971
146,0.767547,0.074425,0.766730,0.020192,0.018123,0.003550,0.094896,0.029599,0.028015,0.006026,0.026903,0.010028,0.025041,0.007138,0.027097,0.009376,0.031042,0.007105,1.137420,0.078736,1.136822,0.022385,0.019317,0.006393,0.074021,0.024316,0.028015,0.006026,0.026903,0.010028,0.026816,0.005200,0.027213,0.009284,0.030352,0.007087
147,0.750733,0.075225,0.764512,0.020567,0.017487,0.006492,0.091679,0.028810,0.025357,0.007472,0.027945,0.009457,0.026361,0.008787,0.028919,0.009483,0.031026,0.006990,1.118894,0.084165,1.134530,0.022722,0.020023,0.007170,0.072203,0.024601,0.025357,0.007472,0.027945,0.009457,0.027327,0.007777,0.029791,0.008748,0.030639,0.007228
148,0.782645,0.060203,0.765492,0.019799,0.018593,0.004370,0.091007,0.025977,0.022008,0.007285,0.024487,0.010101,0.025959,0.008724,0.026687,0.009001,0.030519,0.006685,1.148889,0.072219,1.135311,0.022133,0.018513,0.006686,0.068954,0.024490,0.022008,0.007285,0.024487,0.010101,0.026617,0.006891,0.027024,0.009421,0.030432,0.007055
149,0.732613,0.033811,0.761270,0.019143,0.017506,0.002562,0.090493,0.027724,0.024607,0.009299,0.022543,0.008051,0.024273,0.007491,0.026336,0.008992,0.030062,0.006665,1.096357,0.035679,1.130677,0.021469,0.018482,0.005970,0.068341,0.025838,0.024607,0.009299,0.022543,0.008051,0.024649,0.007184,0.026739,0.008858,0.030566,0.006925
150,0.752467,0.051594,0.759411,0.019421,0.017261,0.002564,0.090408,0.027666,0.026062,0.007687,0.027496,0.009305,0.024968,0.006518,0.024543,0.006487,0.030099,0.006805,1.117118,0.056081,1.128535,0.021940,0.019189,0.006670,0.068125,0.025794,0.026062,0.007687,0.027496,0.009305,0.024927,0.007342,0.024749,0.006430,0.030704,0.006844
151,0.751670,0.058608,0.757910,0.017712,0.018789,0.005122,0.091684,0.028017,0.025957,0.009578,0.025064,0.006991,0.026210,0.007949,0.027794,0.010790,0.030741,0.007179,1.116031,0.067093,1.126720,0.019855,0.019603,0.006872,0.067397,0.025796,0.025957,0.009578,0.025064,0.006991,0.026703,0.008477,0.028722,0.010914,0.030783,0.006808
152,0.754692,0.069906,0.756868,0.015792,0.018265,0.002922,0.089965,0.026545,0.030770,0.007508,0.027156,0.008824,0.026749,0.007697,0.025841,0.006412,0.030987,0.007297,1.120824,0.073914,1.125558,0.017749,0.020482,0.007112,0.069070,0.027012,0.030770,0.007508,0.027156,0.008824,0.027231,0.007641,0.026232,0.006567,0.031037,0.007076
153,0.801044,0.076142,0.760958,0.017896,0.018079,0.004134,0.088927,0.026603,0.028995,0.005421,0.027496,0.003447,0.025969,0.005514,0.026844,0.005265,0.030845,0.006973,1.173884,0.085919,1.130136,0.020055,0.018258,0.007394,0.066633,0.028361,0.028995,0.005421,0.027496,0.003447,0.026416,0.004223,0.026881,0.004984,0.030503,0.006999
154,0.751030,0.072718,0.759057,0.016672,0.019036,0.005833,0.087521,0.026124,0.030580,0.004837,0.029664,0.006522,0.025875,0.004889,0.024226,0.006387,0.030469,0.006820,1.113794,0.075492,1.127779,0.018979,0.018610,0.006025,0.064529,0.028782,0.030580,0.004837,0.029664,0.006522,0.026459,0.004385,0.024371,0.006392,0.030012,0.006773
155,0.778081,0.074367,0.760434,0.016211,0.020534,0.008354,0.091940,0.026878,0.031204,0.003344,0.030126,0.003048,0.028611,0.005576,0.028185,0.006954,0.030407,0.006830,1.150263,0.082401,1.129584,0.018756,0.021122,0.004906,0.066780,0.026518,0.031204,0.003344,0.030126,0.003048,0.029437,0.005368,0.028824,0.006795,0.030230,0.006986
156,0.746926,0.078994,0.758029,0.020043,0.021214,0.007142,0.089571,0.025971,0.032303,0.005711,0.033239,0.003266,0.028441,0.005887,0.024675,0.004308,0.030900,0.007073,1.110618,0.088047,1.126822,0.022987,0.019551,0.004805,0.063782,0.025063,0.032303,0.005711,0.033239,0.003266,0.029718,0.005075,0.024940,0.004215,0.030719,0.007052
157,0.789909,0.065484,0.760593,0.020893,0.022938,0.008413,0.088812,0.025372,0.032005,0.006955,0.032362,0.006157,0.029173,0.006501,0.027069,0.006270,0.031125,0.007222,1.155164,0.073266,1.129179,0.023640,0.019427,0.005422,0.062902,0.022205,0.032005,0.006955,0.032362,0.006157,0.030164,0.006397,0.027499,0.005993,0.030887,0.006905
158,0.737476,0.073790,0.757121,0.019826,0.022571,0.009886,0.086936,0.024978,0.030118,0.007597,0.029960,0.009328,0.028261,0.006272,0.025741,0.007220,0.030608,0.007006,1.096455,0.080285,1.125015,0.022406,0.018070,0.005487,0.059849,0.021362,0.030118,0.007597,0.029960,0.009328,0.029150,0.005231,0.026271,0.007662,0.031107,0.006999
159,0.809091,0.028776,0.761481,0.017688,0.022889,0.009770,0.090537,0.024397,0.027271,0.008332,0.026123,0.008304,0.027738,0.005321,0.026388,0.008755,0.029849,0.006727,1.182038,0.030538,1.130025,0.020373,0.019039,0.005584,0.060492,0.023324,0.027271,0.008332,0.026123,0.008304,0.027874,0.005916,0.026858,0.008722,0.030711,0.006766
160,0.789728,0.056982,0.763503,0.015403,0.023785,0.009935,0.088689,0.020670,0.027561,0.006320,0.024192,0.010684,0.026839,0.005744,0.024673,0.006096,0.030392,0.006905,1.161702,0.056265,1.132579,0.017861,0.018919,0.004170,0.058882,0.018866,0.027561,0.006320,0.024192,0.010684,0.027616,0.006331,0.025253,0.005462,0.030708,0.006735
161,0.757047,0.065860,0.762182,0.010685,0.026440,0.008734,0.090497,0.019522,0.030425,0.010729,0.027088,0.012035,0.027341,0.006415,0.027905,0.009321,0.030932,0.007144,1.125051,0.075960,1.131299,0.012617,0.021657,0.004523,0.061498,0.019044,0.030425,0.010729,0.027088,0.012035,0.028313,0.007104,0.028612,0.009785,0.030350,0.006805
162,0.767596,0.044822,0.761977,0.010693,0.024666,0.009001,0.088114,0.018251,0.026088,0.006064,0.022532,0.007606,0.026778,0.007438,0.027500,0.005891,0.030862,0.006977,1.136079,0.048976,1.131225,0.012465,0.022378,0.005012,0.063037,0.019358,0.026088,0.006064,0.022532,0.007606,0.027256,0.008853,0.027773,0.006201,0.030161,0.007030
163,0.806619,0.083605,0.765783,0.011896,0.025119,0.008212,0.089265,0.018223,0.023916,0.007423,0.020376,0.005685,0.026613,0.007723,0.026230,0.008940,0.030548,0.006797,1.173383,0.089608,1.134936,0.013600,0.022780,0.005219,0.062177,0.018973,0.023916,0.007423,0.020376,0.005685,0.027535,0.009295,0.026398,0.009051,0.030435,0.007207
164,0.725312,0.063216,0.760817,0.013631,0.023616,0.009314,0.086884,0.017535,0.026873,0.008761,0.022156,0.007654,0.025589,0.006575,0.025361,0.005182,0.030391,0.006743,1.086710,0.067687,1.129414,0.015114,0.020598,0.004876,0.060138,0.017115,0.026873,0.008761,0.022156,0.007654,0.026202,0.008040,0.025719,0.005557,0.030692,0.007268
165,0.766202,0.052344,0.760890,0.012490,0.024301,0.008506,0.085178,0.018768,0.027954,0.006716,0.024245,0.006671,0.027196,0.006950,0.029898,0.009748,0.030499,0.006699,1.132231,0.058910,1.129321,0.014372,0.021126,0.006048,0.057878,0.017953,0.027954,0.006716,0.024245,0.006671,0.027456,0.007723,0.030221,0.009499,0.030391,0.007080
166,0.766133,0.057411,0.760770,0.015163,0.028862,0.008002,0.086687,0.020671,0.031494,0.010537,0.025660,0.010151,0.031963,0.004655,0.030736,0.007381,0.030479,0.006813,1.135002,0.065314,1.129395,0.017557,0.023257,0.007533,0.056546,0.017029,0.031494,0.010537,0.025660,0.010151,0.032481,0.007241,0.031945,0.006361,0.030504,0.006562
167,0.817211,0.055200,0.765442,0.017412,0.028297,0.008030,0.084369,0.019521,0.032196,0.011297,0.026699,0.007401,0.031176,0.006010,0.028236,0.008208,0.030882,0.007266,1.186714,0.060181,1.134368,0.019871,0.022024,0.005665,0.055169,0.019564,0.032196,0.011297,0.026699,0.007401,0.032307,0.005666,0.028588,0.008333,0.030966,0.006648
168,0.776468,0.076809,0.766088,0.018378,0.025274,0.009345,0.081434,0.019100,0.030684,0.013496,0.026312,0.010009,0.028342,0.007228,0.025275,0.007908,0.030895,0.007222,1.143698,0.085143,1.134939,0.021131,0.021064,0.004945,0.053786,0.019744,0.030684,0.013496,0.026312,0.010009,0.029658,0.007401,0.025366,0.007514,0.031505,0.007042
169,0.712341,0.048886,0.759968,0.016942,0.025339,0.007091,0.079690,0.019644,0.032749,0.011531,0.025901,0.008756,0.030773,0.008587,0.028386,0.008790,0.030529,0.007059,1.071163,0.055897,1.127957,0.019392,0.022491,0.006481,0.053973,0.019233,0.032749,0.011531,0.025901,0.008756,0.031252,0.009427,0.029322,0.009089,0.031217,0.007375
170,0.802207,0.063726,0.763736,0.017895,0.025013,0.008770,0.078260,0.020863,0.032465,0.012357,0.025251,0.005856,0.028811,0.007545,0.025401,0.008219,0.030268,0.006887,1.176808,0.068372,1.132479,0.020020,0.021683,0.005527,0.054140,0.020039,0.032465,0.012357,0.025251,0.005856,0.029461,0.008223,0.025760,0.007874,0.030191,0.007026
171,0.785079,0.113438,0.765430,0.016573,0.023466,0.009152,0.074307,0.023245,0.030680,0.008869,0.023527,0.004840,0.025537,0.005573,0.023095,0.007518,0.030512,0.006763,1.153599,0.121634,1.134244,0.018308,0.019381,0.004891,0.049289,0.021609,0.030680,0.008869,0.023527,0.004840,0.027173,0.005931,0.023759,0.007046,0.029595,0.006649
172,0.775009,0.055385,0.765626,0.013552,0.022615,0.010374,0.075175,0.022604,0.030550,0.012514,0.024691,0.010045,0.024784,0.008748,0.026262,0.011681,0.030859,0.006810,1.145515,0.061788,1.134744,0.015217,0.020231,0.006555,0.048459,0.023335,0.030550,0.012514,0.024691,0.010045,0.026652,0.007847,0.026788,0.011947,0.030463,0.006925
173,0.823910,0.125330,0.770503,0.013278,0.023904,0.010290,0.074409,0.021792,0.022860,0.007620,0.021635,0.008420,0.027441,0.005202,0.027337,0.005779,0.031159,0.007131,1.190347,0.135408,1.139563,0.013961,0.020798,0.002772,0.049185,0.018525,0.022860,0.007620,0.021635,0.008420,0.028906,0.004182,0.028370,0.005233,0.030605,0.006752
174,0.839134,0.073763,0.776724,0.008878,0.023447,0.008952,0.070932,0.021099,0.026447,0.006974,0.023538,0.006639,0.026243,0.006970,0.024981,0.008958,0.031065,0.007184,1.213256,0.076677,1.146420,0.009572,0.021314,0.002258,0.047259,0.015296,0.026447,0.006974,0.023538,0.006639,0.027239,0.007837,0.025424,0.009229,0.030915,0.007087
175,0.788623,0.077101,0.777285,0.012449,0.023360,0.009152,0.068975,0.020430,0.027043,0.008178,0.028581,0.009016,0.026866,0.008008,0.025366,0.005407,0.030197,0.006868,1.158805,0.082954,1.147191,0.013345,0.022191,0.004251,0.048591,0.015160,0.027043,0.008178,0.028581,0.009016,0.028043,0.008539,0.025668,0.005428,0.030834,0.007445
176,0.796098,0.064044,0.778628,0.014056,0.023234,0.007513,0.067937,0.022922,0.025184,0.008380,0.031276,0.011180,0.026346,0.008044,0.027152,0.009251,0.029670,0.006891,1.167891,0.067310,1.148839,0.015282,0.021881,0.005036,0.047447,0.014678,0.025184,0.008380,0.031276,0.011180,0.027999,0.009160,0.027781,0.009453,0.030551,0.007357
177,0.747406,0.064964,0.775105,0.010190,0.022860,0.006884,0.069193,0.024371,0.021048,0.006914,0.026960,0.007005,0.025262,0.007339,0.026756,0.007431,0.030204,0.006963,1.115910,0.071016,1.145203,0.011219,0.020727,0.005237,0.044444,0.018290,0.021048,0.006914,0.026960,0.007005,0.026866,0.008158,0.027228,0.007619,0.031131,0.007261
178,0.749790,0.083536,0.772069,0.009598,0.022686,0.006371,0.067765,0.027087,0.025407,0.009700,0.027313,0.007275,0.023502,0.008392,0.023347,0.008108,0.030690,0.006935,1.114456,0.089617,1.141748,0.011013,0.022570,0.006748,0.046232,0.018113,0.025407,0.009700,0.027313,0.007275,0.025583,0.007131,0.023656,0.008023,0.030500,0.006798
179,0.758050,0.081760,0.769783,0.010287,0.020422,0.007856,0.063764,0.026760,0.025853,0.008937,0.024805,0.008662,0.023512,0.006080,0.025913,0.007222,0.031225,0.007335,1.119344,0.088303,1.138846,0.011558,0.022202,0.004104,0.043654,0.015879,0.025853,0.008937,0.024805,0.008662,0.024730,0.007030,0.026457,0.006748,0.029418,0.006386
180,0.780602,0.054780,0.769873,0.012887,0.021296,0.008724,0.064275,0.026511,0.030746,0.005985,0.030926,0.008112,0.026201,0.006116,0.028247,0.006723,0.030830,0.007015,1.144467,0.059759,1.138639,0.014067,0.024291,0.006291,0.045103,0.017403,0.030746,0.005985,0.030926,0.008112,0.027581,0.006815,0.028592,0.006642,0.029808,0.006704
181,0.744682,0.058805,0.766502,0.012248,0.019835,0.006747,0.062205,0.023634,0.028825,0.006251,0.028813,0.006727,0.027164,0.005080,0.026991,0.005806,0.030368,0.006757,1.108512,0.067299,1.134921,0.013132,0.023375,0.003900,0.045029,0.016767,0.028825,0.006251,0.028813,0.006727,0.028289,0.005645,0.027078,0.005445,0.031373,0.007613
182,0.782494,0.052527,0.767327,0.013359,0.020049,0.005918,0.060478,0.021450,0.025037,0.006905,0.024995,0.004100,0.027297,0.003958,0.028590,0.009801,0.030237,0.006818,1.149938,0.059886,1.135791,0.014593,0.022205,0.004842,0.042079,0.016795,0.025037,0.006905,0.024995,0.004100,0.027797,0.005667,0.029159,0.009673,0.031690,0.007789
183,0.745386,0.058754,0.764649,0.014633,0.020163,0.004602,0.058801,0.021887,0.027279,0.007265,0.027138,0.007086,0.026337,0.002114,0.025367,0.006496,0.030965,0.007176,1.115071,0.067212,1.133330,0.016467,0.020549,0.004263,0.039335,0.014540,0.027279,0.007265,0.027138,0.007086,0.027305,0.003855,0.025329,0.006330,0.031091,0.007046
184,0.755138,0.085670,0.763182,0.012819,0.024325,0.005577,0.060310,0.022860,0.027846,0.008779,0.028609,0.009157,0.028042,0.002983,0.026569,0.006685,0.030912,0.007196,1.123525,0.093747,1.131917,0.014958,0.020902,0.004985,0.039239,0.015212,0.027846,0.008779,0.028609,0.009157,0.029246,0.004925,0.027586,0.006760,0.030239,0.006288
185,0.809642,0.043692,0.767161,0.014461,0.023674,0.006386,0.059234,0.022472,0.029110,0.010477,0.028110,0.009226,0.026976,0.003101,0.024203,0.005445,0.030553,0.006956,1.181259,0.044310,1.136338,0.016159,0.021258,0.005635,0.038187,0.014522,0.029110,0.010477,0.028110,0.009226,0.028189,0.002656,0.024668,0.005905,0.029870,0.006281
186,0.771232,0.052322,0.766940,0.015811,0.024565,0.004498,0.059460,0.023635,0.029026,0.009568,0.026038,0.008227,0.029442,0.004445,0.029110,0.010453,0.030711,0.006835,1.138898,0.060973,1.136082,0.018034,0.022433,0.005404,0.040303,0.014493,0.029026,0.009568,0.026038,0.008227,0.030513,0.005039,0.029574,0.010849,0.030474,0.007459
187,0.772708,0.053592,0.766853,0.015750,0.024524,0.006000,0.060450,0.020260,0.027433,0.011978,0.024148,0.009967,0.028640,0.007548,0.025616,0.004052,0.030437,0.006833,1.140288,0.057481,1.135968,0.017412,0.019500,0.005387,0.037410,0.014202,0.027433,0.011978,0.024148,0.009967,0.029894,0.006330,0.025560,0.003748,0.030690,0.007418
188,0.789106,0.056680,0.768478,0.013360,0.024126,0.005211,0.060279,0.021100,0.029168,0.009364,0.024887,0.010647,0.028354,0.007198,0.023896,0.007173,0.030293,0.006669,1.161523,0.057013,1.138039,0.014549,0.019919,0.006409,0.036166,0.011728,0.029168,0.009364,0.024887,0.010647,0.029629,0.006472,0.024517,0.007575,0.030851,0.007217
189,0.777049,0.065185,0.768624,0.014759,0.023680,0.005482,0.057645,0.018983,0.026430,0.007312,0.021350,0.010715,0.029831,0.008912,0.027786,0.007637,0.030636,0.006846,1.144453,0.070040,1.138139,0.015924,0.021710,0.006866,0.038629,0.011197,0.026430,0.007312,0.021350,0.010715,0.030273,0.008450,0.027557,0.008335,0.030884,0.006776
190,0.793092,0.072038,0.770037,0.008275,0.024291,0.006127,0.057727,0.021607,0.025123,0.005971,0.022275,0.006514,0.030771,0.009151,0.026854,0.006865,0.030916,0.007034,1.160594,0.076622,1.139540,0.009110,0.023709,0.007839,0.040477,0.013397,0.025123,0.005971,0.022275,0.006514,0.030957,0.008656,0.027085,0.006864,0.030736,0.006654
191,0.802761,0.079762,0.772765,0.010141,0.023311,0.006120,0.055959,0.021020,0.025480,0.006206,0.023541,0.008758,0.030815,0.009314,0.026790,0.005473,0.030663,0.006986,1.174983,0.084329,1.142652,0.011268,0.024383,0.006440,0.040703,0.011319,0.025480,0.006206,0.023541,0.008758,0.030993,0.008766,0.027264,0.005367,0.030644,0.006672
192,0.751962,0.057818,0.769948,0.011015,0.023606,0.007173,0.054985,0.019651,0.024241,0.005680,0.023752,0.005501,0.030393,0.011721,0.025427,0.009396,0.030406,0.006867,1.121057,0.062430,1.139924,0.011774,0.025268,0.005126,0.040162,0.011070,0.024241,0.005680,0.023752,0.005501,0.029876,0.011519,0.026188,0.009404,0.030323,0.007171
193,0.751200,0.068630,0.767173,0.011280,0.024154,0.007979,0.053101,0.018759,0.023522,0.004569,0.020821,0.004081,0.030008,0.011679,0.025694,0.005208,0.030365,0.006927,1.119492,0.075360,1.137183,0.012779,0.024998,0.005214,0.038007,0.012393,0.023522,0.004569,0.020821,0.004081,0.029847,0.011477,0.026200,0.005334,0.030452,0.007345
194,0.724385,0.098474,0.762340,0.014494,0.025378,0.007784,0.053713,0.020359,0.021719,0.006505,0.022552,0.006068,0.029874,0.014530,0.026926,0.012212,0.030541,0.006836,1.087873,0.111974,1.131786,0.015681,0.026103,0.007384,0.038312,0.011803,0.021719,0.006505,0.022552,0.006068,0.030670,0.013873,0.027566,0.012430,0.030628,0.007592
195,0.849968,0.101710,0.770382,0.018540,0.024286,0.006458,0.051349,0.016653,0.026102,0.006945,0.023984,0.004107,0.030263,0.010874,0.027340,0.006328,0.030595,0.006889,1.221048,0.101024,1.140162,0.019762,0.025807,0.007981,0.038758,0.012545,0.026102,0.006945,0.023984,0.004107,0.030000,0.010742,0.028249,0.006104,0.030931,0.006903
196,0.705761,0.036228,0.763160,0.015944,0.023002,0.008426,0.050533,0.015819,0.025884,0.008090,0.021898,0.004669,0.029097,0.008970,0.025442,0.009384,0.030835,0.007151,1.068396,0.039921,1.132377,0.017024,0.024443,0.007232,0.038323,0.011088,0.025884,0.008090,0.021898,0.004669,0.029287,0.008574,0.025535,0.008450,0.030678,0.006529
197,0.796308,0.067597,0.765964,0.017109,0.023220,0.008288,0.049305,0.014953,0.020991,0.005237,0.020875,0.005947,0.027183,0.010779,0.024124,0.006799,0.030940,0.007233,1.167638,0.072700,1.135501,0.017816,0.024582,0.008860,0.036984,0.012824,0.020991,0.005237,0.020875,0.005947,0.027744,0.009565,0.025005,0.007222,0.030543,0.006478
198,0.768007,0.083821,0.765708,0.021253,0.023302,0.010863,0.048982,0.014085,0.025525,0.006072,0.023000,0.005162,0.027941,0.010440,0.027268,0.008462,0.030487,0.006844,1.136206,0.094094,1.135210,0.022748,0.025557,0.009661,0.038649,0.014111,0.025525,0.006072,0.023000,0.005162,0.028537,0.009483,0.027692,0.008237,0.030704,0.006925
199,0.763091,0.066693,0.764630,0.023318,0.023389,0.008273,0.046717,0.012918,0.027422,0.007746,0.021677,0.005462,0.027806,0.010493,0.023290,0.009570,0.030001,0.006886,1.129217,0.070894,1.133960,0.024833,0.025092,0.010039,0.037069,0.015345,0.027422,0.007746,0.021677,0.005462,0.029327,0.008742,0.023599,0.009850,0.030840,0.007475
200,0.790049,0.059228,0.766354,0.022424,0.025987,0.005722,0.046791,0.011962,0.025974,0.012019,0.021575,0.007510,0.027671,0.011431,0.028838,0.010177,0.030238,0.006888,1.159517,0.067139,1.135863,0.024377,0.027173,0.010102,0.039614,0.014202,0.025974,0.012019,0.021575,0.007510,0.029255,0.009502,0.030061,0.009904,0.030260,0.007216
201,0.750590,0.090193,0.764148,0.023174,0.025658,0.005717,0.046174,0.013383,0.028874,0.012530,0.022997,0.007841,0.030550,0.011550,0.031102,0.009820,0.030991,0.007241,1.114965,0.099097,1.133304,0.025472,0.026838,0.011105,0.038216,0.017201,0.028874,0.012530,0.022997,0.007841,0.032479,0.010301,0.031507,0.009950,0.030025,0.007065
202,0.779319,0.063143,0.764894,0.024291,0.025960,0.007193,0.045352,0.014437,0.029500,0.013057,0.027826,0.007729,0.034172,0.011090,0.028511,0.009253,0.031061,0.007367,1.145845,0.070027,1.133953,0.027303,0.027101,0.013005,0.036907,0.019550,0.029500,0.013057,0.027826,0.007729,0.035573,0.010979,0.029287,0.009411,0.030515,0.006786
203,0.742586,0.086665,0.761996,0.022828,0.028107,0.008311,0.048152,0.016363,0.026354,0.007858,0.022117,0.006929,0.036011,0.007523,0.027286,0.007559,0.031061,0.007130,1.103968,0.097587,1.130410,0.025633,0.029180,0.011047,0.039387,0.016934,0.026354,0.007858,0.022117,0.006929,0.037228,0.009541,0.027747,0.007652,0.031072,0.006734
204,0.763945,0.051926,0.761573,0.023143,0.026178,0.007286,0.046014,0.014987,0.030938,0.006641,0.026244,0.007581,0.035571,0.006483,0.029319,0.007346,0.029991,0.006481,1.132540,0.056160,1.130139,0.025593,0.028517,0.010293,0.038447,0.016870,0.030938,0.006641,0.026244,0.007581,0.036621,0.008536,0.029582,0.007620,0.031147,0.006844
205,0.760607,0.065649,0.761025,0.021262,0.027408,0.008214,0.047403,0.016988,0.026100,0.008253,0.023629,0.008786,0.036088,0.005457,0.027946,0.005855,0.030392,0.006331,1.129689,0.072000,1.129738,0.023245,0.028102,0.008254,0.040756,0.012376,0.026100,0.008253,0.023629,0.008786,0.036884,0.007549,0.028454,0.005587,0.030455,0.006930
206,0.760227,0.027140,0.760404,0.018772,0.027272,0.007097,0.045933,0.017759,0.027459,0.007008,0.023978,0.006690,0.036135,0.006451,0.027031,0.006057,0.031430,0.007076,1.131682,0.031528,1.129530,0.020674,0.028636,0.010410,0.040714,0.013626,0.027459,0.007008,0.023978,0.006690,0.036819,0.007440,0.027636,0.005913,0.030223,0.007004
207,0.719339,0.058457,0.755761,0.021524,0.027987,0.007047,0.046080,0.014105,0.028926,0.010417,0.029254,0.009072,0.036042,0.005703,0.026267,0.004781,0.030925,0.007049,1.084199,0.063736,1.124584,0.023628,0.030037,0.011119,0.041290,0.014622,0.028926,0.010417,0.029254,0.009072,0.036303,0.005392,0.027033,0.004652,0.030884,0.007693
208,0.728925,0.044501,0.752246,0.019471,0.027060,0.005996,0.043971,0.013105,0.030762,0.009572,0.028865,0.006295,0.036298,0.003973,0.029297,0.008165,0.030480,0.007054,1.091566,0.044712,1.120574,0.021305,0.025839,0.011202,0.037589,0.013793,0.030762,0.009572,0.028865,0.006295,0.037352,0.004118,0.029750,0.008893,0.030811,0.006979
209,0.794073,0.074256,0.755982,0.019305,0.026012,0.006486,0.042167,0.015068,0.029015,0.004358,0.027595,0.005751,0.034243,0.003899,0.025638,0.004866,0.030065,0.007054,1.165293,0.078314,1.124692,0.021079,0.025251,0.008206,0.036112,0.011091,0.029015,0.004358,0.027595,0.005751,0.035059,0.004120,0.026315,0.004242,0.030424,0.006538
210,0.752311,0.061521,0.755031,0.018205,0.027226,0.007169,0.044015,0.009959,0.028796,0.006521,0.022793,0.004724,0.034712,0.005351,0.028264,0.003390,0.030393,0.006950,1.117717,0.066877,1.123508,0.019997,0.026014,0.008464,0.035803,0.009738,0.028796,0.006521,0.022793,0.004724,0.035236,0.004234,0.028405,0.003504,0.030421,0.006869
211,0.751494,0.045452,0.753831,0.017946,0.025524,0.006598,0.040462,0.009616,0.024804,0.005248,0.019385,0.004999,0.032103,0.006391,0.025123,0.007061,0.030612,0.007063,1.120104,0.051107,1.122490,0.019750,0.025235,0.009921,0.034415,0.009770,0.024804,0.005248,0.019385,0.004999,0.032016,0.004401,0.025496,0.006622,0.030711,0.007251
212,0.744642,0.078997,0.752128,0.014826,0.023506,0.008395,0.038597,0.011625,0.025346,0.006926,0.021018,0.005442,0.029390,0.005120,0.025280,0.009465,0.031067,0.007280,1.108665,0.089897,1.120507,0.016458,0.023608,0.008745,0.031951,0.007372,0.025346,0.006926,0.021018,0.005442,0.029298,0.004342,0.025272,0.009196,0.030679,0.007304
213,0.811950,0.055571,0.757353,0.014638,0.024350,0.010564,0.040072,0.012073,0.027201,0.005045,0.021218,0.007724,0.027649,0.007465,0.024983,0.005100,0.030618,0.006903,1.184588,0.060306,1.126310,0.016220,0.024275,0.008997,0.032848,0.007659,0.027201,0.005045,0.021218,0.007724,0.028341,0.006074,0.025410,0.004967,0.030458,0.006916
214,0.775946,0.082309,0.758694,0.013659,0.024318,0.008562,0.040660,0.012136,0.028538,0.007762,0.026815,0.006713,0.026421,0.008788,0.025410,0.007623,0.030342,0.006905,1.143543,0.091867,1.127614,0.015189,0.024998,0.008794,0.033720,0.008100,0.028538,0.007762,0.026815,0.006713,0.027236,0.006673,0.026104,0.007295,0.030403,0.006580
215,0.778057,0.098141,0.760003,0.013281,0.024583,0.008410,0.040835,0.012984,0.025301,0.008012,0.024033,0.008069,0.025252,0.007181,0.023696,0.008474,0.030507,0.007062,1.147733,0.107282,1.129121,0.014537,0.022918,0.009465,0.031772,0.008902,0.025301,0.008012,0.024033,0.008069,0.026272,0.006296,0.024320,0.007785,0.030486,0.006441
216,0.728350,0.034396,0.755871,0.014714,0.025653,0.006044,0.041619,0.011452,0.029940,0.010711,0.024330,0.008659,0.025265,0.009227,0.024343,0.008484,0.030394,0.007027,1.086882,0.039890,1.124125,0.016335,0.021890,0.010393,0.029177,0.009284,0.029940,0.010711,0.024330,0.008659,0.026925,0.008609,0.024342,0.008516,0.030639,0.006878
217,0.723237,0.087717,0.752077,0.018949,0.024581,0.009149,0.041441,0.009203,0.029491,0.011237,0.026437,0.011410,0.027155,0.010184,0.027893,0.008305,0.030786,0.007033,1.089781,0.093565,1.120270,0.020599,0.023051,0.011019,0.031027,0.011117,0.029491,0.011237,0.026437,0.011410,0.028910,0.009780,0.028570,0.008237,0.030595,0.007325
218,0.740081,0.044191,0.750039,0.015857,0.023806,0.007338,0.040352,0.011878,0.032404,0.009689,0.024859,0.010618,0.026635,0.009177,0.025231,0.008743,0.030464,0.006708,1.102906,0.050026,1.117860,0.017238,0.022223,0.009390,0.030014,0.010902,0.032404,0.009689,0.024859,0.010618,0.028337,0.009738,0.025800,0.008437,0.030415,0.006819
219,0.724311,0.066519,0.746843,0.018127,0.024126,0.004758,0.040280,0.014110,0.034358,0.011211,0.026956,0.007983,0.026753,0.006677,0.027726,0.005958,0.030017,0.006560,1.090880,0.076432,1.114630,0.020068,0.021940,0.007189,0.030686,0.008189,0.034358,0.011211,0.026956,0.007983,0.028559,0.007399,0.028248,0.005791,0.030677,0.006671
220,0.777929,0.067415,0.749060,0.013911,0.024264,0.006931,0.040326,0.013482,0.032506,0.009408,0.024208,0.005879,0.028019,0.007147,0.027506,0.006935,0.031044,0.006782,1.146296,0.076791,1.117109,0.014942,0.022182,0.008487,0.031290,0.009351,0.032506,0.009408,0.024208,0.005879,0.030609,0.007879,0.027970,0.006700,0.030728,0.006909
221,0.762781,0.060843,0.749666,0.013632,0.025871,0.009636,0.041881,0.014977,0.030754,0.005732,0.024528,0.004556,0.029490,0.006578,0.028714,0.007971,0.031207,0.006990,1.126352,0.067111,1.117419,0.014832,0.024565,0.008345,0.033175,0.011624,0.030754,0.005732,0.024528,0.004556,0.032049,0.008298,0.029088,0.007377,0.031353,0.007581
222,0.772734,0.047055,0.751386,0.016670,0.026906,0.007345,0.041574,0.012544,0.030333,0.006876,0.021726,0.003984,0.031111,0.005108,0.028358,0.005435,0.030816,0.007131,1.143740,0.050140,1.119588,0.018043,0.025948,0.007755,0.034551,0.009812,0.030333,0.006876,0.021726,0.003984,0.033342,0.005937,0.028194,0.005371,0.031150,0.007451
223,0.784334,0.068986,0.754014,0.013777,0.027394,0.009510,0.043414,0.013946,0.028831,0.004886,0.020414,0.006060,0.032628,0.006554,0.027454,0.007730,0.030476,0.007048,1.155497,0.073668,1.122654,0.015502,0.026127,0.008084,0.034508,0.009661,0.028831,0.004886,0.020414,0.006060,0.034516,0.006942,0.027974,0.007725,0.030202,0.006447
224,0.792110,0.078526,0.757397,0.013633,0.028775,0.009759,0.045128,0.014681,0.024883,0.005889,0.020526,0.006888,0.033164,0.006852,0.027591,0.006367,0.030721,0.006834,1.164406,0.081844,1.126483,0.015237,0.026721,0.009584,0.037205,0.012787,0.024883,0.005889,0.020526,0.006888,0.035245,0.007271,0.027656,0.006214,0.029732,0.006070
225,0.777363,0.062169,0.758812,0.013791,0.027903,0.011548,0.042915,0.014356,0.024844,0.010547,0.021287,0.008370,0.032914,0.006146,0.026894,0.008340,0.031005,0.006948,1.147690,0.068901,1.128137,0.015659,0.026940,0.008464,0.037512,0.012085,0.024844,0.010547,0.021287,0.008370,0.035259,0.006210,0.027768,0.007838,0.030146,0.006691
226,0.748300,0.057230,0.756968,0.009189,0.027024,0.009191,0.043144,0.012359,0.022439,0.005645,0.019328,0.005613,0.030930,0.006523,0.026461,0.007785,0.030963,0.006924,1.113575,0.067602,1.126037,0.010557,0.025628,0.008340,0.034663,0.011819,0.022439,0.005645,0.019328,0.005613,0.032962,0.006948,0.026694,0.008368,0.031479,0.008066
227,0.790273,0.059476,0.759879,0.009253,0.026140,0.007406,0.040929,0.011411,0.020602,0.005127,0.021066,0.005869,0.031488,0.006303,0.028040,0.005415,0.030295,0.006956,1.163543,0.063665,1.129457,0.010437,0.024932,0.008023,0.032815,0.010541,0.020602,0.005127,0.021066,0.005869,0.033723,0.006571,0.028377,0.004534,0.031548,0.007589
228,0.795310,0.092255,0.762583,0.011445,0.023430,0.006962,0.037101,0.009977,0.018529,0.007182,0.021621,0.007815,0.029519,0.006523,0.024231,0.010515,0.029835,0.006806,1.163534,0.102520,1.132188,0.013296,0.023931,0.006639,0.033058,0.009826,0.018529,0.007182,0.021621,0.007815,0.031300,0.008379,0.024520,0.011021,0.031014,0.007047
229,0.778136,0.052909,0.763498,0.013257,0.024499,0.007078,0.036804,0.008013,0.020932,0.005580,0.022057,0.005039,0.029225,0.006727,0.025935,0.006601,0.030190,0.006690,1.149485,0.056822,1.133445,0.015240,0.023721,0.008181,0.031841,0.010745,0.020932,0.005580,0.022057,0.005039,0.031526,0.008546,0.026623,0.006283,0.030190,0.006471
230,0.811920,0.064160,0.767789,0.013983,0.023193,0.005821,0.033733,0.007228,0.022338,0.008079,0.023146,0.007574,0.028829,0.006826,0.028390,0.006891,0.031220,0.007573,1.185694,0.067072,1.138240,0.015985,0.021489,0.005952,0.027273,0.008899,0.022338,0.008079,0.023146,0.007574,0.032706,0.007906,0.029102,0.006715,0.029794,0.006518
231,0.805278,0.069087,0.770759,0.009715,0.022165,0.006467,0.032318,0.008056,0.026006,0.010277,0.026003,0.008286,0.028199,0.006237,0.026351,0.005322,0.031342,0.007498,1.177613,0.071648,1.141568,0.011608,0.019541,0.006132,0.025603,0.007885,0.026006,0.010277,0.026003,0.008286,0.032013,0.008033,0.027616,0.005969,0.030003,0.006688
232,0.779497,0.042797,0.770819,0.010391,0.023834,0.005735,0.034717,0.009538,0.029304,0.004459,0.027336,0.010095,0.029817,0.007304,0.028355,0.008922,0.029940,0.006880,1.148674,0.045624,1.141638,0.011772,0.021246,0.004538,0.024539,0.008262,0.029304,0.004459,0.027336,0.010095,0.033967,0.009518,0.029041,0.008480,0.030249,0.006889
233,0.760958,0.067705,0.768970,0.009684,0.022220,0.008033,0.031905,0.009600,0.028234,0.009516,0.026441,0.010151,0.029909,0.007820,0.027317,0.007728,0.029827,0.007071,1.125217,0.071580,1.139304,0.011055,0.020266,0.007608,0.023495,0.008223,0.028234,0.009516,0.026441,0.010151,0.033509,0.010159,0.027903,0.007584,0.031458,0.007704
234,0.767804,0.099560,0.768271,0.009735,0.022618,0.006548,0.030409,0.008974,0.026521,0.010042,0.025456,0.011438,0.031293,0.007960,0.032402,0.009795,0.030864,0.007239,1.133046,0.105963,1.138229,0.010595,0.020449,0.007805,0.023903,0.008155,0.026521,0.010042,0.025456,0.011438,0.035382,0.010383,0.032476,0.010365,0.031285,0.007737
235,0.759312,0.051047,0.766874,0.010578,0.020479,0.008245,0.029135,0.010696,0.030590,0.009909,0.027292,0.010716,0.028692,0.006383,0.023152,0.007468,0.031614,0.007468,1.129322,0.052257,1.136939,0.011487,0.019649,0.009939,0.025018,0.008594,0.030590,0.009909,0.027292,0.010716,0.032434,0.008390,0.022795,0.007077,0.031072,0.007301
236,0.813001,0.063194,0.771013,0.014945,0.021844,0.007942,0.030740,0.008725,0.029745,0.011505,0.028619,0.010377,0.028733,0.005847,0.028600,0.008233,0.030609,0.006767,1.185482,0.068506,1.141400,0.016406,0.019964,0.010669,0.025836,0.010835,0.029745,0.011505,0.028619,0.010377,0.032312,0.008003,0.029750,0.007851,0.030190,0.006275
237,0.825563,0.068732,0.775440,0.014375,0.021691,0.006506,0.032405,0.007607,0.028359,0.007056,0.023951,0.006589,0.029605,0.006367,0.026978,0.008746,0.029834,0.006660,1.196699,0.076199,1.146093,0.016024,0.021523,0.010561,0.028717,0.009492,0.028359,0.007056,0.023951,0.006589,0.033256,0.007722,0.027440,0.008387,0.029577,0.006052
238,0.759525,0.094349,0.773329,0.015234,0.020523,0.007044,0.032688,0.009598,0.031750,0.006582,0.025974,0.005544,0.029256,0.006738,0.027772,0.010876,0.030597,0.006992,1.124082,0.103651,1.143487,0.017332,0.021457,0.010063,0.028565,0.008320,0.031750,0.006582,0.025974,0.005544,0.033296,0.007419,0.028865,0.010741,0.030286,0.006690
239,0.768711,0.094438,0.772199,0.018822,0.019306,0.007403,0.031904,0.009289,0.026897,0.006834,0.023778,0.003118,0.027518,0.003262,0.023114,0.004021,0.031119,0.007298,1.135056,0.106196,1.142087,0.021353,0.020766,0.010503,0.028911,0.009146,0.026897,0.006834,0.023778,0.003118,0.031444,0.004823,0.024309,0.003822,0.031110,0.007591
240,0.769509,0.076195,0.771459,0.017102,0.019024,0.005489,0.031972,0.009909,0.025861,0.006075,0.020214,0.006650,0.028358,0.002375,0.026918,0.006920,0.030665,0.006880,1.138150,0.083525,1.141305,0.019607,0.020213,0.009105,0.027624,0.010885,0.025861,0.006075,0.020214,0.006650,0.032942,0.003411,0.028049,0.006525,0.031246,0.007772
241,0.780987,0.050381,0.771503,0.017428,0.020222,0.004203,0.033837,0.006723,0.021093,0.004029,0.019933,0.003734,0.029371,0.004108,0.026074,0.007502,0.029854,0.006938,1.147397,0.052826,1.141183,0.019599,0.020515,0.007563,0.028671,0.010802,0.021093,0.004029,0.019933,0.003734,0.033931,0.005682,0.026758,0.007371,0.030343,0.006960
242,0.765278,0.058762,0.770294,0.019285,0.022320,0.005689,0.035849,0.008596,0.020255,0.005873,0.019800,0.004268,0.030672,0.004880,0.025847,0.007442,0.030607,0.006882,1.131478,0.066000,1.139777,0.021492,0.021228,0.007633,0.029650,0.011257,0.020255,0.005873,0.019800,0.004268,0.034142,0.005679,0.026599,0.007234,0.030215,0.006510
243,0.732604,0.061631,0.765971,0.018647,0.021344,0.005022,0.035051,0.006636,0.023182,0.005331,0.023772,0.005910,0.028017,0.003965,0.023610,0.004822,0.031777,0.007789,1.094853,0.070791,1.134822,0.020712,0.020443,0.006779,0.029097,0.011404,0.023182,0.005331,0.023772,0.005910,0.031848,0.004858,0.023606,0.004808,0.030590,0.006445
244,0.783241,0.073993,0.766792,0.019927,0.019977,0.003728,0.031863,0.007610,0.028891,0.011120,0.028046,0.007738,0.028189,0.007758,0.028205,0.010873,0.031491,0.007574,1.150992,0.080230,1.135696,0.021933,0.019250,0.003627,0.026895,0.008455,0.028891,0.011120,0.028046,0.007738,0.031728,0.008203,0.029481,0.010544,0.030896,0.007146
245,0.705976,0.093756,0.760096,0.017422,0.019343,0.004892,0.029324,0.008041,0.029394,0.011073,0.028670,0.008841,0.028540,0.006458,0.025786,0.006279,0.029492,0.006817,1.063469,0.105426,1.127945,0.019102,0.017342,0.003926,0.023659,0.008434,0.029394,0.011073,0.028670,0.008841,0.032079,0.007996,0.026067,0.006224,0.030562,0.007395
246,0.741208,0.051340,0.757474,0.015951,0.019517,0.006068,0.030515,0.006975,0.026998,0.009766,0.025244,0.007787,0.026840,0.006627,0.023577,0.005382,0.028931,0.007194,1.105442,0.056222,1.125122,0.017656,0.015305,0.005294,0.021677,0.008858,0.026998,0.009766,0.025244,0.007787,0.030591,0.006431,0.024391,0.005418,0.030451,0.007226
247,0.780269,0.049144,0.759291,0.011615,0.020484,0.005066,0.030975,0.008832,0.025688,0.009232,0.027608,0.009124,0.028853,0.007475,0.028201,0.009698,0.030945,0.007424,1.149813,0.055697,1.127212,0.012947,0.015818,0.003703,0.021614,0.009155,0.025688,0.009232,0.027608,0.009124,0.032274,0.008145,0.028089,0.008984,0.030332,0.006790
248,0.797384,0.074817,0.762233,0.009500,0.022051,0.007650,0.032566,0.010324,0.027040,0.006401,0.026848,0.006614,0.026278,0.006879,0.022195,0.006641,0.032170,0.008052,1.168259,0.082010,1.130600,0.010096,0.017108,0.006149,0.022616,0.010677,0.027040,0.006401,0.026848,0.006614,0.028633,0.006898,0.022976,0.006404,0.030842,0.006820
249,0.788016,0.071578,0.763938,0.013339,0.025249,0.007912,0.033804,0.010423,0.026975,0.005973,0.024911,0.007800,0.029466,0.007679,0.026373,0.007546,0.031403,0.007002,1.154793,0.072748,1.132338,0.013888,0.019982,0.006452,0.025284,0.011842,0.026975,0.005973,0.024911,0.007800,0.029916,0.008376,0.027654,0.006893,0.030746,0.006630
250,0.804534,0.070459,0.767112,0.015063,0.024166,0.007264,0.032675,0.012134,0.026313,0.007972,0.026520,0.007548,0.030980,0.007245,0.027749,0.007460,0.029410,0.007251,1.173092,0.073144,1.135706,0.015433,0.020046,0.007413,0.025005,0.012429,0.026313,0.007972,0.026520,0.007548,0.030909,0.008847,0.027462,0.007694,0.030713,0.006936
251,0.800902,0.050649,0.769853,0.016754,0.022119,0.006704,0.031142,0.010733,0.026247,0.007206,0.025711,0.005682,0.031367,0.007140,0.028239,0.006909,0.029938,0.006879,1.173348,0.054578,1.138989,0.017441,0.018961,0.006438,0.024290,0.011188,0.026247,0.007206,0.025711,0.005682,0.032330,0.008341,0.028320,0.006716,0.031080,0.007207
252,0.781220,0.029815,0.770496,0.014546,0.023577,0.010865,0.032349,0.011353,0.023079,0.006796,0.027402,0.007137,0.033472,0.008048,0.028915,0.007505,0.031613,0.007371,1.152789,0.035169,1.139950,0.014519,0.019723,0.005842,0.024232,0.011002,0.023079,0.006796,0.027402,0.007137,0.034520,0.009342,0.029305,0.007406,0.030932,0.007227
253,0.760185,0.132690,0.768729,0.023113,0.024352,0.011909,0.032178,0.012370,0.024628,0.005641,0.024523,0.008068,0.034710,0.009434,0.026860,0.009170,0.031516,0.007609,1.121783,0.148438,1.137553,0.024132,0.021487,0.004970,0.025109,0.010352,0.024628,0.005641,0.024523,0.008068,0.035834,0.009876,0.027542,0.009150,0.030601,0.007023
254,0.766854,0.054603,0.767657,0.021721,0.025701,0.010884,0.032481,0.011892,0.029920,0.008508,0.027630,0.007073,0.035302,0.010532,0.026946,0.007155,0.030227,0.007085,1.134587,0.058430,1.136557,0.023017,0.020947,0.004030,0.026665,0.007394,0.029920,0.008508,0.027630,0.007073,0.036286,0.011052,0.026835,0.006765,0.029770,0.006226
255,0.765475,0.081026,0.766659,0.026052,0.024849,0.010147,0.031084,0.011819,0.027806,0.008954,0.028667,0.009550,0.033227,0.007605,0.024672,0.003574,0.029611,0.006991,1.131356,0.091386,1.135405,0.027911,0.020046,0.003984,0.026995,0.004741,0.027806,0.008954,0.028667,0.009550,0.034306,0.007528,0.025154,0.003290,0.030246,0.006628
256,0.809924,0.098058,0.770451,0.029936,0.025331,0.009000,0.032120,0.012410,0.028063,0.008527,0.029158,0.008978,0.030082,0.007337,0.023459,0.008288,0.029558,0.007150,1.179697,0.105177,1.139420,0.031839,0.021426,0.004850,0.028315,0.005189,0.028063,0.008527,0.029158,0.008978,0.031790,0.007190,0.023576,0.008051,0.031091,0.007233
257,0.763473,0.060979,0.769139,0.025523,0.025890,0.008009,0.033061,0.011156,0.023661,0.008541,0.024716,0.012198,0.030659,0.007861,0.028479,0.008870,0.031676,0.007594,1.130926,0.065941,1.138092,0.027270,0.020932,0.005322,0.028763,0.004997,0.023661,0.008541,0.024716,0.012198,0.032581,0.007496,0.029140,0.009523,0.031389,0.007667
258,0.772491,0.097559,0.768859,0.026722,0.024931,0.008079,0.031721,0.010560,0.022057,0.009648,0.024214,0.008748,0.031060,0.007298,0.027373,0.006924,0.031137,0.006940,1.140191,0.106381,1.137792,0.028417,0.020349,0.007163,0.027222,0.008872,0.022057,0.009648,0.024214,0.008748,0.032052,0.007530,0.028228,0.006590,0.030948,0.007765
259,0.822128,0.047877,0.773456,0.026098,0.023829,0.005900,0.030998,0.007780,0.023475,0.009337,0.024179,0.010191,0.031575,0.007357,0.029988,0.008396,0.030334,0.006618,1.195910,0.052002,1.143022,0.027959,0.019425,0.006631,0.027161,0.008674,0.023475,0.009337,0.024179,0.010191,0.033440,0.006402,0.030206,0.008903,0.030194,0.007106
260,0.782593,0.055320,0.773379,0.025037,0.025425,0.005514,0.033276,0.005689,0.024727,0.006956,0.026248,0.007992,0.033813,0.007875,0.026346,0.008291,0.030446,0.006786,1.148805,0.066087,1.142798,0.027042,0.021591,0.007166,0.028092,0.011338,0.024727,0.006956,0.026248,0.007992,0.035476,0.008301,0.026728,0.008033,0.029843,0.006653
261,0.781410,0.066232,0.773604,0.026750,0.023309,0.007833,0.032252,0.009274,0.028727,0.008485,0.022458,0.007988,0.031372,0.008351,0.026638,0.008675,0.031192,0.007893,1.152901,0.073953,1.143361,0.029511,0.021957,0.007722,0.028876,0.013540,0.028727,0.008485,0.022458,0.007988,0.033075,0.009924,0.026020,0.007737,0.030604,0.006881
262,0.798853,0.068480,0.775560,0.020934,0.024327,0.005046,0.031792,0.005645,0.027451,0.011119,0.025299,0.009043,0.029555,0.010203,0.028978,0.007381,0.029849,0.006702,1.173443,0.071201,1.145948,0.023205,0.022417,0.007243,0.028668,0.013039,0.027451,0.011119,0.025299,0.009043,0.031944,0.009757,0.030371,0.008798,0.030398,0.007137
263,0.808100,0.055151,0.777848,0.015857,0.021596,0.004100,0.027956,0.005555,0.026989,0.009705,0.024294,0.007840,0.027831,0.010722,0.023940,0.009454,0.030583,0.006716,1.176842,0.055255,1.148269,0.018287,0.024522,0.007369,0.031951,0.011393,0.026989,0.009705,0.024294,0.007840,0.029565,0.011173,0.023400,0.008754,0.030906,0.007538
264,0.714977,0.040797,0.770826,0.013617,0.022568,0.008352,0.028292,0.010221,0.029796,0.009090,0.026612,0.009380,0.027323,0.011992,0.026500,0.008723,0.031861,0.007588,1.073061,0.047704,1.140154,0.015666,0.024829,0.006466,0.031982,0.008746,0.029796,0.009090,0.026612,0.009380,0.028968,0.010435,0.026919,0.009088,0.030987,0.007683
265,0.720555,0.068039,0.765186,0.012937,0.021887,0.007684,0.025709,0.008840,0.027622,0.009942,0.027148,0.009434,0.025529,0.011397,0.025349,0.007258,0.031404,0.007772,1.084986,0.074138,1.134136,0.014632,0.024971,0.006698,0.031866,0.008216,0.027622,0.009942,0.027148,0.009434,0.026901,0.010838,0.026130,0.006961,0.030595,0.006430
266,0.736605,0.060142,0.761741,0.014652,0.021552,0.007974,0.025401,0.010275,0.031516,0.009182,0.028611,0.008347,0.027882,0.010059,0.028606,0.007226,0.029176,0.007372,1.101830,0.066125,1.130451,0.016761,0.024721,0.008893,0.032063,0.009625,0.031516,0.009182,0.028611,0.008347,0.030115,0.011023,0.029145,0.007560,0.029977,0.006018
267,0.809462,0.072074,0.766251,0.013078,0.021521,0.009005,0.024322,0.009558,0.035845,0.009363,0.028011,0.007048,0.027428,0.006731,0.023802,0.005779,0.029755,0.006857,1.184889,0.073840,1.135689,0.014985,0.024631,0.008462,0.030111,0.009337,0.035845,0.009363,0.028011,0.007048,0.029985,0.009834,0.024345,0.006203,0.030837,0.006496
268,0.794559,0.074698,0.768272,0.018435,0.020030,0.007345,0.022654,0.008021,0.036788,0.012384,0.029352,0.006459,0.027493,0.006977,0.026643,0.010553,0.031463,0.007089,1.163079,0.080916,1.137797,0.020415,0.024371,0.009809,0.028097,0.010341,0.036788,0.012384,0.029352,0.006459,0.031407,0.011060,0.026836,0.011020,0.031131,0.007374
269,0.791605,0.054872,0.769796,0.015605,0.022852,0.009041,0.025248,0.010119,0.036060,0.012413,0.030932,0.008587,0.031271,0.006790,0.027103,0.010459,0.031555,0.007180,1.158901,0.059999,1.139261,0.017496,0.025338,0.010751,0.027967,0.010667,0.036060,0.012413,0.030932,0.008587,0.034856,0.009964,0.027793,0.010787,0.030441,0.006865
270,0.795623,0.112122,0.771951,0.017937,0.020461,0.008490,0.022863,0.009197,0.035402,0.005746,0.029110,0.006891,0.030010,0.007031,0.026878,0.008645,0.030735,0.006466,1.165167,0.123300,1.141509,0.019682,0.023742,0.011577,0.025402,0.011833,0.035402,0.005746,0.029110,0.006891,0.032834,0.008172,0.027641,0.008724,0.030506,0.006809
271,0.803419,0.114601,0.774076,0.022412,0.020675,0.007193,0.023628,0.007703,0.030271,0.009342,0.028326,0.008617,0.029508,0.006564,0.024825,0.006927,0.029944,0.006941,1.169160,0.119540,1.143468,0.023956,0.023377,0.009979,0.025407,0.009019,0.030271,0.009342,0.028326,0.008617,0.031895,0.007113,0.025392,0.006463,0.031205,0.007256
272,0.751506,0.072506,0.771112,0.023664,0.020669,0.008032,0.023893,0.009276,0.026667,0.009995,0.028398,0.006966,0.032633,0.007754,0.030362,0.007533,0.031372,0.008126,1.118112,0.080449,1.140335,0.025198,0.023760,0.011621,0.025507,0.008782,0.026667,0.009995,0.028398,0.006966,0.035147,0.007321,0.030980,0.007893,0.030411,0.007534
273,0.758684,0.062500,0.769019,0.016855,0.021992,0.007323,0.026265,0.007992,0.025738,0.007368,0.027972,0.005242,0.032139,0.008458,0.026391,0.008323,0.031423,0.008234,1.125382,0.069130,1.138157,0.017603,0.023599,0.011134,0.025070,0.009295,0.025738,0.007368,0.027972,0.005242,0.035174,0.006660,0.026294,0.008179,0.030212,0.006827
274,0.790045,0.065213,0.770568,0.010922,0.021750,0.007686,0.024943,0.010492,0.024081,0.009680,0.026637,0.007979,0.033198,0.008507,0.029475,0.006527,0.029446,0.007105,1.157212,0.072095,1.139641,0.011304,0.024487,0.011379,0.026733,0.009337,0.024081,0.009680,0.026637,0.007979,0.036444,0.007397,0.030249,0.006143,0.030215,0.006382
275,0.779468,0.054173,0.770562,0.006935,0.022464,0.008089,0.027828,0.008165,0.030554,0.006859,0.030830,0.005292,0.032953,0.008523,0.024849,0.006339,0.028820,0.007695,1.148646,0.061910,1.139846,0.007063,0.023759,0.009263,0.025901,0.008963,0.030554,0.006859,0.030830,0.005292,0.035079,0.007114,0.026002,0.006020,0.030832,0.006769
276,0.783440,0.076593,0.771126,0.007244,0.020809,0.009056,0.027250,0.007997,0.033727,0.010033,0.031550,0.004814,0.031948,0.006899,0.027122,0.008395,0.031731,0.008038,1.152108,0.086068,1.140508,0.008225,0.021086,0.008283,0.023207,0.008316,0.033727,0.010033,0.031550,0.004814,0.034588,0.004925,0.027739,0.008307,0.031423,0.007448
277,0.758283,0.083133,0.769074,0.006511,0.022212,0.008464,0.027998,0.008009,0.033022,0.010067,0.031425,0.006705,0.030400,0.007305,0.022988,0.008520,0.032804,0.009032,1.123476,0.090593,1.138185,0.007608,0.021306,0.007910,0.025315,0.007647,0.033022,0.010067,0.031425,0.006705,0.034062,0.006503,0.024306,0.008513,0.030744,0.007036
278,0.764207,0.093548,0.767925,0.009435,0.021825,0.008094,0.025014,0.009744,0.033175,0.009383,0.032404,0.005479,0.028845,0.005622,0.026178,0.008077,0.029700,0.007170,1.132593,0.098580,1.137108,0.010793,0.020771,0.009504,0.024997,0.009363,0.033175,0.009383,0.032404,0.005479,0.033328,0.007336,0.027226,0.007859,0.029906,0.006775
279,0.757323,0.046206,0.766098,0.009446,0.022247,0.007371,0.025067,0.009630,0.034442,0.008117,0.029695,0.008975,0.030008,0.008493,0.025730,0.009962,0.028346,0.008210,1.127851,0.052541,1.135559,0.010786,0.022032,0.007640,0.026817,0.006119,0.034442,0.008117,0.029695,0.008975,0.034374,0.008765,0.025679,0.010318,0.030754,0.007768
280,0.798608,0.081484,0.768621,0.011674,0.022910,0.009009,0.025978,0.010651,0.028555,0.008074,0.029133,0.007695,0.029490,0.009085,0.024581,0.008889,0.031569,0.008314,1.164848,0.091935,1.137887,0.013199,0.023421,0.007312,0.029274,0.006060,0.028555,0.008074,0.029133,0.007695,0.033897,0.010340,0.024404,0.009129,0.030855,0.007150
281,0.825951,0.043264,0.773394,0.011563,0.021164,0.007734,0.024164,0.007723,0.029542,0.009345,0.029303,0.007299,0.028039,0.009207,0.026283,0.004920,0.032719,0.010031,1.199111,0.040331,1.143252,0.012859,0.022681,0.006274,0.027088,0.005412,0.029542,0.009345,0.029303,0.007299,0.032135,0.009838,0.027642,0.005243,0.029898,0.005865
282,0.763203,0.069507,0.771926,0.014297,0.021667,0.008045,0.024773,0.005969,0.030796,0.008963,0.026113,0.007253,0.029843,0.009597,0.026928,0.005615,0.029553,0.006707,1.130379,0.076187,1.141596,0.015535,0.021867,0.008072,0.026883,0.008201,0.030796,0.008963,0.026113,0.007253,0.033450,0.010870,0.026838,0.005566,0.029753,0.005789
283,0.757957,0.093160,0.769834,0.012884,0.021254,0.006224,0.026197,0.004119,0.026810,0.008336,0.022753,0.005766,0.031060,0.010775,0.028967,0.007661,0.028640,0.007690,1.125064,0.100926,1.139363,0.014072,0.020717,0.006915,0.025722,0.006525,0.026810,0.008336,0.022753,0.005766,0.033936,0.011988,0.029571,0.007683,0.031412,0.007713
284,0.752565,0.066089,0.767374,0.011070,0.020846,0.006149,0.025859,0.003813,0.023029,0.005522,0.019810,0.005826,0.030307,0.010774,0.024728,0.006990,0.044029,0.034746,1.117494,0.071359,1.136589,0.012004,0.020119,0.006930,0.026006,0.008227,0.023029,0.005522,0.019810,0.005826,0.032800,0.012436,0.024800,0.007491,0.032353,0.009717
285,0.772807,0.056644,0.767151,0.012935,0.022042,0.005458,0.026056,0.004449,0.027225,0.009958,0.019690,0.008142,0.029734,0.007305,0.023276,0.005406,0.055680,0.066612,1.142449,0.060220,1.136536,0.014104,0.018951,0.006575,0.023826,0.005805,0.027225,0.009958,0.019690,0.008142,0.032628,0.010599,0.023544,0.004647,0.030642,0.007300
286,0.769936,0.037208,0.766707,0.014795,0.020552,0.005712,0.024358,0.007407,0.026133,0.009033,0.022052,0.004854,0.028610,0.007100,0.025372,0.006232,0.053029,0.061549,1.140422,0.036833,1.136361,0.015663,0.016211,0.005864,0.020831,0.007693,0.026133,0.009033,0.022052,0.004854,0.031214,0.010053,0.026483,0.006498,0.029662,0.006114
287,0.813744,0.087481,0.770568,0.019602,0.019325,0.005507,0.024557,0.007247,0.028598,0.009682,0.026185,0.008462,0.026294,0.003689,0.022938,0.008091,0.038762,0.025413,1.181687,0.094362,1.140209,0.020959,0.016009,0.004509,0.020298,0.006295,0.028598,0.009682,0.026185,0.008462,0.028933,0.008406,0.023501,0.007962,0.030056,0.006145
288,0.799016,0.078305,0.772438,0.019235,0.021979,0.005627,0.027651,0.007291,0.028076,0.008692,0.026611,0.010041,0.027453,0.003732,0.026408,0.006172,0.036807,0.019090,1.163800,0.081713,1.141808,0.020168,0.018671,0.005136,0.023116,0.005288,0.028076,0.008692,0.026611,0.010041,0.031046,0.006429,0.026473,0.005739,0.030903,0.007165
289,0.787474,0.075678,0.773399,0.019407,0.023118,0.006621,0.028733,0.009104,0.026605,0.008831,0.029396,0.011980,0.026247,0.005336,0.025056,0.009463,0.043964,0.036061,1.157515,0.078376,1.142927,0.020168,0.017414,0.006219,0.021262,0.007512,0.026605,0.008831,0.029396,0.011980,0.029580,0.007755,0.025308,0.010028,0.031197,0.007657
290,0.717213,0.055581,0.767192,0.018572,0.020216,0.008031,0.026378,0.009562,0.027426,0.010779,0.027675,0.010409,0.025176,0.005698,0.022947,0.008131,0.039635,0.025263,1.081198,0.063899,1.136280,0.019886,0.017418,0.003963,0.021740,0.004634,0.027426,0.010779,0.027675,0.010409,0.027268,0.008902,0.023034,0.008004,0.030999,0.007758
291,0.763633,0.064308,0.766229,0.018853,0.021989,0.008627,0.027669,0.009008,0.025309,0.010362,0.025165,0.005810,0.028158,0.005181,0.029926,0.011909,0.029368,0.006895,1.132096,0.071333,1.135381,0.020310,0.016515,0.007398,0.020883,0.007464,0.025309,0.010362,0.025165,0.005810,0.029340,0.008657,0.029961,0.010666,0.029261,0.005300
292,0.806261,0.039816,0.769702,0.015132,0.022562,0.008158,0.028585,0.006737,0.025958,0.010670,0.027687,0.008548,0.027496,0.005011,0.022796,0.004508,0.038924,0.025497,1.179635,0.041398,1.139381,0.016430,0.016881,0.007205,0.020865,0.009071,0.025958,0.010670,0.027687,0.008548,0.028689,0.007595,0.023390,0.004542,0.030945,0.006928
293,0.773603,0.055290,0.769444,0.013105,0.024312,0.009927,0.030076,0.010781,0.028492,0.007945,0.030702,0.009909,0.030104,0.005606,0.027384,0.005455,0.046158,0.044057,1.142932,0.059848,1.139212,0.014086,0.018439,0.008549,0.021680,0.011209,0.028492,0.007945,0.030702,0.009909,0.030910,0.005504,0.027741,0.004916,0.031911,0.009390
294,0.776006,0.077525,0.769327,0.014534,0.023372,0.008994,0.030652,0.011017,0.027297,0.007398,0.027521,0.010040,0.032167,0.006675,0.028318,0.007453,0.047520,0.041052,1.144288,0.085941,1.139106,0.015490,0.019494,0.006729,0.024747,0.007644,0.027297,0.007398,0.027521,0.010040,0.034014,0.005013,0.029307,0.007774,0.031943,0.010899
295,0.768899,0.022095,0.768662,0.012577,0.023847,0.007920,0.030934,0.007640,0.028935,0.005386,0.027359,0.009507,0.033661,0.005588,0.027368,0.007624,0.045292,0.028061,1.141247,0.025008,1.138819,0.014075,0.019077,0.006727,0.024952,0.008536,0.028935,0.005386,0.027359,0.009507,0.035567,0.003145,0.028662,0.007204,0.030103,0.006303
296,0.736372,0.061987,0.764985,0.013057,0.023852,0.008186,0.028305,0.009354,0.030600,0.007162,0.026190,0.007805,0.033829,0.007174,0.030171,0.008541,0.042089,0.032175,1.102652,0.066339,1.134852,0.014854,0.021099,0.005438,0.026134,0.004541,0.030600,0.007162,0.026190,0.007805,0.036930,0.005923,0.029914,0.007845,0.030095,0.006189
297,0.762354,0.118520,0.763896,0.018581,0.024691,0.008777,0.028578,0.008336,0.030537,0.003859,0.025916,0.003140,0.034628,0.006698,0.026029,0.006442,0.045521,0.032422,1.125352,0.132196,1.133244,0.021067,0.019839,0.006273,0.025601,0.005765,0.030537,0.003859,0.025916,0.003140,0.037231,0.004489,0.027242,0.006143,0.030146,0.005958
298,0.779775,0.114385,0.764682,0.018137,0.024258,0.008099,0.028187,0.008780,0.028373,0.006272,0.024889,0.005489,0.032153,0.009159,0.024693,0.008658,0.041337,0.023201,1.143939,0.117274,1.133655,0.019256,0.018256,0.006005,0.023986,0.005261,0.028373,0.006272,0.024889,0.005489,0.034435,0.007666,0.024706,0.008733,0.031108,0.008257
299,0.768124,0.072092,0.764304,0.018752,0.024347,0.009505,0.027410,0.010794,0.025228,0.006595,0.023830,0.007189,0.031334,0.010150,0.026916,0.006128,0.036135,0.010880,1.135280,0.080559,1.133250,0.019772,0.019577,0.006589,0.024235,0.008474,0.025228,0.006595,0.023830,0.007189,0.034027,0.008089,0.027994,0.006288,0.031635,0.009413
300,0.813971,0.052336,0.768553,0.017735,0.023761,0.009249,0.027233,0.011081,0.026602,0.006018,0.023270,0.006754,0.027973,0.009210,0.026356,0.008291,0.042323,0.019954,1.184798,0.055501,1.137841,0.018626,0.018388,0.007540,0.023718,0.008559,0.026602,0.006018,0.023270,0.006754,0.031011,0.007672,0.027519,0.008755,0.030822,0.007689
