generation,no_filter_sig0.2_n20_mean,no_filter_sig0.2_n20_std,ema_sig0.2_n20_mean,ema_sig0.2_n20_std,standard_filter_sig0.2_n20_mean,standard_filter_sig0.2_n20_std,hard_threshold_sig0.2_n20_mean,hard_threshold_sig0.2_n20_std,k_center_sig0.2_n20_mean,k_center_sig0.2_n20_std,dpp_sig0.2_n20_mean,dpp_sig0.2_n20_std,dst_sig0.2_n20_mean,dst_sig0.2_n20_std,l2ac_sig0.2_n20_mean,l2ac_sig0.2_n20_std,ours_sig0.2_n20_mean,ours_sig0.2_n20_std
1,0.618727,0.209912,0.073068,0.019948,0.030738,0.011776,0.046281,0.011033,0.043589,0.014519,0.048762,0.015097,0.030780,0.011808,0.030734,0.011763,5.604199,0.064062
2,0.788019,0.158168,0.134152,0.024413,0.031979,0.006656,0.068467,0.011397,0.053189,0.012618,0.049279,0.012243,0.031998,0.006658,0.057726,0.011449,8.298157,0.101489
3,0.877981,0.265153,0.199255,0.035691,0.028688,0.006408,0.078448,0.012717,0.057144,0.013595,0.051383,0.010135,0.028713,0.006593,0.032392,0.008533,9.574154,0.132247
4,0.747320,0.150093,0.246750,0.026891,0.030724,0.011523,0.096811,0.007628,0.062696,0.010275,0.050520,0.014858,0.030830,0.011627,0.045845,0.009650,10.145643,0.161238
5,0.817309,0.161809,0.297659,0.025253,0.030438,0.011292,0.103476,0.008063,0.055632,0.017975,0.058741,0.020305,0.030630,0.011542,0.043187,0.014767,10.361157,0.192103
6,0.640777,0.148645,0.327162,0.023231,0.035880,0.015864,0.118878,0.017647,0.062816,0.013725,0.072233,0.017759,0.036232,0.015970,0.049208,0.023214,10.401253,0.224290
7,0.835694,0.182868,0.368912,0.028809,0.031474,0.008492,0.125147,0.016945,0.060175,0.014387,0.067218,0.014400,0.031802,0.008376,0.035821,0.009973,10.351825,0.256193
8,0.831813,0.264369,0.405543,0.043711,0.029281,0.009220,0.133499,0.018910,0.062663,0.013792,0.066485,0.010213,0.029484,0.009113,0.037889,0.011264,10.255520,0.286976
9,0.759121,0.235372,0.433872,0.047997,0.028910,0.009802,0.136723,0.022366,0.065877,0.022694,0.062794,0.010239,0.028852,0.009549,0.042006,0.007197,10.133995,0.315600
10,0.734149,0.140633,0.455406,0.040282,0.032032,0.007998,0.141875,0.023360,0.067002,0.019552,0.071856,0.014186,0.031877,0.007933,0.040515,0.007452,9.996741,0.343067
11,0.721721,0.154673,0.474243,0.028946,0.031207,0.007569,0.144879,0.021724,0.074324,0.020224,0.070606,0.019784,0.031167,0.007457,0.041444,0.010925,9.848110,0.370244
12,0.551251,0.131265,0.476854,0.029833,0.036420,0.003729,0.153847,0.015225,0.068466,0.025569,0.073073,0.021875,0.036229,0.003934,0.034504,0.009827,9.688634,0.399180
13,0.661881,0.237459,0.489083,0.032363,0.037920,0.004763,0.151282,0.012593,0.069828,0.023469,0.075128,0.025587,0.037685,0.004837,0.037541,0.010125,9.516786,0.430400
14,0.802990,0.433795,0.511692,0.056304,0.031314,0.009594,0.146480,0.014490,0.073178,0.020332,0.078272,0.019529,0.031240,0.009510,0.038941,0.011103,9.332781,0.463624
15,0.726678,0.171658,0.522941,0.060425,0.030822,0.010401,0.149600,0.015660,0.074854,0.016496,0.070794,0.017483,0.030475,0.010299,0.033789,0.010402,9.135778,0.499503
16,0.834083,0.194567,0.543833,0.045782,0.029581,0.005557,0.149895,0.016187,0.063472,0.020373,0.079885,0.023845,0.029073,0.005269,0.039807,0.015558,8.924639,0.537340
17,0.687296,0.108656,0.552144,0.048833,0.030947,0.005939,0.153472,0.011162,0.071818,0.031323,0.087440,0.028404,0.030318,0.005934,0.030508,0.005659,8.697965,0.577235
18,0.823605,0.436547,0.564175,0.060168,0.028967,0.009984,0.146617,0.007770,0.065378,0.027138,0.075704,0.031871,0.028564,0.009656,0.034335,0.008882,8.454728,0.619592
19,0.861464,0.402180,0.586750,0.061884,0.025221,0.009570,0.148207,0.011762,0.056323,0.024637,0.066563,0.020324,0.024763,0.009298,0.033161,0.013936,8.193477,0.664428
20,0.786308,0.226400,0.599047,0.050153,0.021448,0.008715,0.147303,0.006771,0.055266,0.018917,0.055326,0.015949,0.021031,0.008606,0.036685,0.012543,7.912441,0.712301
21,0.777140,0.192762,0.608905,0.049134,0.022444,0.006217,0.147118,0.007900,0.056711,0.015555,0.058856,0.021255,0.022616,0.006138,0.033569,0.013003,7.610408,0.762862
22,0.830792,0.378101,0.624703,0.058712,0.025819,0.008759,0.154289,0.012483,0.051198,0.013997,0.055133,0.013157,0.025272,0.009218,0.029866,0.007325,7.286404,0.815547
23,0.776244,0.193624,0.630320,0.047740,0.031914,0.011025,0.155861,0.011379,0.058323,0.022939,0.059916,0.024340,0.031409,0.011240,0.032292,0.005951,6.939440,0.869499
24,0.758546,0.240725,0.635855,0.048204,0.030719,0.013421,0.152338,0.015647,0.064165,0.019290,0.056207,0.014329,0.030476,0.013432,0.037244,0.006704,6.568976,0.923820
25,0.703743,0.232184,0.636682,0.033167,0.029943,0.012799,0.154437,0.014875,0.070961,0.025237,0.074357,0.021878,0.029682,0.012423,0.031331,0.011261,6.175663,0.978789
26,0.617186,0.084889,0.629750,0.036598,0.032424,0.007464,0.158607,0.015960,0.075061,0.021169,0.069788,0.016229,0.032216,0.007249,0.038843,0.014270,5.760429,1.033045
27,0.963255,0.250331,0.655531,0.039708,0.032025,0.007649,0.161181,0.016664,0.073877,0.019501,0.068243,0.021096,0.031740,0.006944,0.033849,0.007275,5.325595,1.084234
28,0.929407,0.154271,0.673440,0.045329,0.033938,0.006536,0.166515,0.011189,0.067783,0.017344,0.058932,0.012336,0.033331,0.006468,0.033070,0.005846,4.875153,1.129073
29,0.766645,0.183680,0.673060,0.049982,0.031204,0.004909,0.161838,0.012090,0.063007,0.019769,0.059080,0.008640,0.030870,0.004970,0.032362,0.008012,4.415192,1.163138
30,0.732789,0.194314,0.674041,0.055961,0.036049,0.014119,0.161153,0.014531,0.063130,0.021980,0.056981,0.019216,0.035600,0.014182,0.033601,0.009354,3.955308,1.180484
31,0.826245,0.351015,0.679213,0.042441,0.031143,0.009551,0.163311,0.011752,0.070639,0.020799,0.067331,0.017036,0.030780,0.009412,0.027521,0.008993,3.509959,1.172919
32,0.927386,0.291861,0.696952,0.058913,0.026896,0.004416,0.166671,0.011452,0.058039,0.013785,0.059705,0.016972,0.026556,0.004554,0.025913,0.004946,3.099509,1.129156
33,0.661382,0.166830,0.688970,0.062011,0.030316,0.008020,0.171951,0.012058,0.057528,0.020157,0.058329,0.019523,0.029835,0.007885,0.025424,0.006445,2.750359,1.034152
34,0.862665,0.391559,0.698419,0.060729,0.035006,0.004971,0.173040,0.012830,0.061328,0.012120,0.055599,0.020601,0.034568,0.004802,0.027463,0.007801,2.485128,0.876144
35,0.677343,0.171948,0.691289,0.050328,0.034363,0.007059,0.172275,0.011234,0.059478,0.016546,0.047064,0.016768,0.033999,0.007108,0.033031,0.009460,2.304257,0.669658
36,0.807342,0.240964,0.696781,0.051327,0.030996,0.005805,0.168971,0.008619,0.054606,0.021534,0.054765,0.015131,0.030707,0.005743,0.028398,0.010344,2.181903,0.462276
37,0.671496,0.228022,0.688621,0.049349,0.028613,0.007996,0.163085,0.013319,0.044904,0.023291,0.056403,0.016007,0.028551,0.007800,0.031823,0.011929,2.087293,0.313541
38,0.936384,0.411470,0.707562,0.065985,0.027346,0.009139,0.160947,0.013022,0.051649,0.020315,0.055761,0.019855,0.027257,0.009125,0.035293,0.010465,1.994941,0.267217
39,0.830262,0.228670,0.712292,0.054256,0.026086,0.006259,0.156193,0.012157,0.056546,0.016904,0.045763,0.025447,0.025968,0.006303,0.031889,0.008767,1.881990,0.301162
40,0.820860,0.334254,0.714635,0.050142,0.026601,0.005727,0.157896,0.012082,0.065119,0.026415,0.045853,0.018892,0.026371,0.005610,0.027143,0.007380,1.725930,0.401873
41,0.675333,0.187997,0.704942,0.036653,0.026167,0.007221,0.163022,0.012812,0.064031,0.014610,0.062264,0.015080,0.025757,0.006879,0.031665,0.012827,1.517163,0.569311
42,0.779901,0.277216,0.704073,0.042292,0.028611,0.009769,0.160125,0.013626,0.068115,0.012210,0.067571,0.011496,0.028481,0.009532,0.030000,0.008045,1.332513,0.662511
43,0.809055,0.194965,0.705122,0.045098,0.030322,0.010366,0.161500,0.018850,0.061965,0.018352,0.071669,0.021102,0.030248,0.010130,0.033118,0.008629,1.286357,0.543027
44,0.888953,0.253581,0.712727,0.048037,0.027783,0.008605,0.159598,0.011112,0.056992,0.011778,0.071392,0.013255,0.027540,0.008471,0.028012,0.007579,1.219601,0.481775
45,0.724418,0.120986,0.710211,0.044936,0.024505,0.010134,0.154721,0.017545,0.061255,0.010801,0.063881,0.014560,0.024398,0.010197,0.029587,0.009530,1.126149,0.412236
46,0.821528,0.201481,0.714890,0.050929,0.031857,0.010243,0.161850,0.021982,0.069256,0.011524,0.058768,0.016723,0.031685,0.010325,0.031880,0.008449,0.985276,0.344254
47,0.779746,0.219204,0.714986,0.061112,0.033409,0.009364,0.168301,0.020703,0.066609,0.013172,0.062011,0.018479,0.033240,0.009317,0.031376,0.009745,0.815957,0.305886
48,0.937864,0.161812,0.726526,0.064018,0.036082,0.009629,0.162146,0.017568,0.068369,0.017325,0.071023,0.015212,0.036072,0.009676,0.032691,0.008328,0.691740,0.225225
49,0.682223,0.239386,0.715847,0.065460,0.036292,0.006464,0.159851,0.013462,0.069072,0.022592,0.062763,0.020728,0.036433,0.006639,0.036914,0.014574,0.585679,0.235314
50,0.739385,0.298348,0.708669,0.060474,0.034786,0.007641,0.160968,0.015540,0.062328,0.023458,0.056314,0.022470,0.034711,0.007491,0.036146,0.007382,0.552950,0.221881
51,0.815190,0.121873,0.711687,0.052025,0.033328,0.008425,0.162037,0.014927,0.080464,0.021892,0.071712,0.020217,0.033442,0.007789,0.028796,0.011971,0.565776,0.205075
52,0.872108,0.188950,0.718120,0.042718,0.030198,0.007660,0.163191,0.012276,0.081502,0.014027,0.070929,0.014659,0.030210,0.007484,0.032025,0.006139,0.555931,0.239325
53,0.825100,0.293250,0.719458,0.054329,0.030280,0.008188,0.160970,0.015357,0.065642,0.019695,0.072422,0.020720,0.030158,0.007691,0.027392,0.012516,0.551511,0.204732
54,0.666241,0.268771,0.708976,0.058056,0.029814,0.010464,0.160092,0.011174,0.068732,0.024576,0.062190,0.012924,0.029770,0.009966,0.031599,0.010696,0.549992,0.097248
55,0.794291,0.199564,0.711364,0.059599,0.026315,0.007662,0.156926,0.011190,0.067213,0.025850,0.066715,0.015131,0.026114,0.007714,0.033839,0.009458,0.524460,0.074372
56,0.984527,0.469111,0.731248,0.067022,0.034274,0.009932,0.158629,0.020053,0.070417,0.018746,0.073619,0.010859,0.034009,0.009918,0.028039,0.009246,0.490243,0.150448
57,0.850570,0.346698,0.733056,0.057463,0.030966,0.009182,0.159663,0.016596,0.067839,0.022944,0.072509,0.024007,0.030636,0.009055,0.034432,0.007123,0.486453,0.153057
58,0.845071,0.189384,0.738794,0.063726,0.031768,0.010388,0.161921,0.016027,0.067062,0.016646,0.064820,0.008856,0.031474,0.010448,0.035767,0.010591,0.502860,0.112982
59,1.058420,0.388581,0.763310,0.071732,0.030271,0.009463,0.161093,0.016809,0.064421,0.020856,0.062079,0.017454,0.029954,0.009435,0.027491,0.011369,0.513365,0.087485
60,0.747789,0.245813,0.756432,0.060353,0.032349,0.011659,0.159552,0.014284,0.061577,0.018592,0.065257,0.019909,0.032209,0.011314,0.029478,0.011641,0.512623,0.088191
61,0.757008,0.206218,0.747389,0.063787,0.033963,0.009777,0.159890,0.013455,0.054602,0.016478,0.057144,0.015477,0.033790,0.009277,0.026932,0.009834,0.503125,0.092309
62,0.693672,0.206463,0.735404,0.056211,0.031232,0.008187,0.159579,0.015213,0.054295,0.015203,0.051361,0.013201,0.030876,0.007911,0.025733,0.007205,0.486840,0.096336
63,0.692299,0.260173,0.722620,0.048768,0.025038,0.006145,0.156594,0.014443,0.054722,0.012129,0.041327,0.018135,0.024937,0.005626,0.027559,0.007204,0.462516,0.112660
64,0.938174,0.201754,0.735408,0.048954,0.022009,0.004968,0.156150,0.010347,0.054221,0.014786,0.050388,0.013196,0.021969,0.004765,0.027292,0.012667,0.433132,0.129980
65,0.754950,0.218612,0.729547,0.055645,0.024011,0.004733,0.160409,0.016295,0.060294,0.012017,0.061550,0.017949,0.023750,0.004694,0.028209,0.010184,0.407145,0.128963
66,0.733671,0.229033,0.723597,0.050090,0.029119,0.010014,0.160238,0.016071,0.066501,0.027656,0.064375,0.013045,0.028806,0.010268,0.029163,0.008761,0.387124,0.109060
67,0.758518,0.192314,0.720822,0.053054,0.031999,0.007554,0.157732,0.008860,0.067725,0.020442,0.062972,0.014321,0.031765,0.007569,0.030877,0.007748,0.370515,0.080373
68,0.899001,0.285940,0.729376,0.045376,0.027293,0.007597,0.152894,0.010026,0.064709,0.022647,0.060144,0.023431,0.027240,0.007415,0.028732,0.007348,0.353383,0.058555
69,0.701668,0.186726,0.721964,0.035683,0.033143,0.007492,0.153034,0.012985,0.056106,0.018102,0.063239,0.023677,0.033016,0.007472,0.034375,0.008404,0.333049,0.058834
70,0.803769,0.347281,0.724380,0.053955,0.029373,0.015068,0.152394,0.013739,0.064058,0.021178,0.062165,0.020746,0.029575,0.014738,0.030907,0.010840,0.308896,0.073287
71,0.821455,0.311846,0.726953,0.072899,0.027030,0.008021,0.157788,0.013174,0.068899,0.011259,0.057379,0.018747,0.026926,0.008244,0.033463,0.008317,0.281355,0.088496
72,0.759005,0.214293,0.723149,0.070339,0.028626,0.009695,0.158198,0.010765,0.067776,0.006584,0.064473,0.017948,0.028489,0.009691,0.034761,0.007422,0.253677,0.094594
73,0.614434,0.086740,0.708736,0.062537,0.025980,0.006380,0.156744,0.012134,0.069500,0.018592,0.066106,0.024227,0.025892,0.006645,0.029443,0.005852,0.232205,0.084461
74,0.701828,0.230321,0.700169,0.051124,0.029637,0.010177,0.165283,0.013949,0.072709,0.021919,0.060015,0.022421,0.029144,0.010097,0.038741,0.011097,0.215314,0.070018
75,0.939305,0.312247,0.714283,0.046381,0.032440,0.010789,0.165427,0.017528,0.080340,0.018008,0.063886,0.012676,0.032020,0.010616,0.039053,0.009176,0.202325,0.057155
76,0.825169,0.304696,0.717863,0.047826,0.028092,0.009460,0.163817,0.010591,0.065479,0.021395,0.063538,0.017952,0.027540,0.009489,0.033782,0.007754,0.192104,0.048803
77,0.915015,0.403437,0.728099,0.047859,0.030824,0.005895,0.164044,0.008887,0.063619,0.020957,0.068830,0.019680,0.030367,0.005788,0.033814,0.009646,0.184485,0.038136
78,0.864700,0.465211,0.731352,0.053828,0.037158,0.005995,0.166009,0.015665,0.061476,0.023890,0.066910,0.021031,0.036785,0.005709,0.035442,0.007607,0.174918,0.031997
79,0.698748,0.226617,0.725311,0.058141,0.037874,0.006619,0.165332,0.019189,0.061637,0.026444,0.078812,0.021355,0.037405,0.006900,0.030781,0.009074,0.161202,0.036897
80,0.884891,0.501103,0.731593,0.048430,0.036638,0.008337,0.164157,0.018570,0.059609,0.014978,0.076783,0.019247,0.036287,0.008314,0.037312,0.011610,0.146405,0.039767
81,0.813984,0.299264,0.731040,0.043742,0.035085,0.010695,0.162959,0.017458,0.064186,0.014092,0.077070,0.018564,0.034726,0.010781,0.035876,0.009162,0.133533,0.036657
82,0.881844,0.270899,0.735370,0.033995,0.038244,0.010548,0.164151,0.019926,0.075966,0.018891,0.075134,0.018833,0.037879,0.010645,0.031012,0.009028,0.123025,0.033793
83,0.885988,0.355808,0.739952,0.054898,0.037898,0.008419,0.168071,0.017917,0.081153,0.022048,0.080320,0.025927,0.037372,0.008945,0.029333,0.009153,0.114314,0.037590
84,0.944378,0.133731,0.749058,0.051776,0.035617,0.008270,0.164870,0.008455,0.085467,0.020072,0.081451,0.025404,0.035382,0.008080,0.033516,0.009096,0.108859,0.038491
85,0.750914,0.160601,0.743358,0.042258,0.032049,0.011629,0.161362,0.012924,0.075129,0.020698,0.077233,0.012841,0.031735,0.011545,0.033648,0.009294,0.107455,0.031093
86,0.704838,0.159584,0.734041,0.038999,0.033706,0.010557,0.169190,0.017544,0.066689,0.025849,0.070634,0.016756,0.033187,0.010297,0.029044,0.008884,0.106260,0.022341
87,0.775126,0.258808,0.731357,0.046195,0.035807,0.010026,0.169188,0.018980,0.072534,0.018704,0.069765,0.016981,0.035259,0.009998,0.031464,0.006416,0.104440,0.018276
88,0.815378,0.204711,0.731544,0.049107,0.038572,0.011694,0.168433,0.021733,0.078510,0.019088,0.076160,0.023125,0.038298,0.011379,0.034844,0.009471,0.101533,0.027030
89,1.048968,0.943511,0.752106,0.091932,0.036950,0.013812,0.163945,0.017234,0.077482,0.032604,0.074810,0.029961,0.036612,0.013747,0.032758,0.011859,0.099624,0.036301
90,0.687381,0.185188,0.739293,0.080388,0.037616,0.014239,0.168195,0.016497,0.067497,0.022267,0.059839,0.018196,0.037063,0.014477,0.033654,0.011306,0.102493,0.034992
91,0.803147,0.250556,0.736299,0.076277,0.035745,0.003734,0.164293,0.014006,0.070061,0.015440,0.064378,0.015545,0.035345,0.003925,0.029272,0.009101,0.106832,0.026607
92,0.842297,0.317005,0.741362,0.064614,0.035924,0.006912,0.159723,0.009420,0.074124,0.018626,0.073125,0.012345,0.035624,0.006857,0.030972,0.011012,0.107885,0.018750
93,0.637623,0.214599,0.726883,0.070589,0.034595,0.013336,0.156218,0.016940,0.077030,0.024841,0.068521,0.016514,0.034212,0.013329,0.028200,0.005551,0.104345,0.015636
94,0.796373,0.300002,0.726032,0.076864,0.035347,0.008438,0.160822,0.013708,0.067462,0.017485,0.071244,0.013042,0.034999,0.008669,0.033993,0.009381,0.097023,0.016015
95,0.872396,0.317706,0.737409,0.064418,0.032781,0.007761,0.152205,0.012624,0.060193,0.011449,0.061270,0.015331,0.032993,0.007642,0.034857,0.006640,0.087939,0.017335
96,0.861104,0.379049,0.739688,0.073921,0.033848,0.010069,0.154077,0.012057,0.057434,0.010968,0.065454,0.014293,0.034201,0.009598,0.033689,0.007488,0.078056,0.020808
97,0.867565,0.177473,0.742644,0.063992,0.037052,0.009308,0.155370,0.015815,0.056692,0.017872,0.067389,0.021983,0.037283,0.009153,0.040657,0.013609,0.069471,0.025046
98,0.730098,0.190118,0.735121,0.057770,0.030026,0.008732,0.155148,0.012752,0.051100,0.004702,0.061344,0.016801,0.030246,0.008586,0.036961,0.009469,0.063915,0.026939
99,0.760433,0.136835,0.730235,0.052502,0.028561,0.011051,0.163945,0.012751,0.041083,0.014227,0.054829,0.016679,0.028717,0.010810,0.035168,0.009581,0.061597,0.024431
100,0.782641,0.303667,0.728557,0.038156,0.031274,0.008871,0.164036,0.014826,0.053724,0.016418,0.053613,0.013315,0.031431,0.008491,0.034400,0.006734,0.060063,0.020011
101,0.769991,0.159432,0.727796,0.041991,0.029745,0.007545,0.165616,0.015865,0.063840,0.021482,0.056482,0.012459,0.029723,0.007364,0.031212,0.008598,0.057628,0.016288
102,0.875835,0.197958,0.734782,0.047693,0.027311,0.007986,0.164517,0.011136,0.065132,0.019056,0.053197,0.020174,0.027267,0.007797,0.029433,0.013223,0.054651,0.013524
103,0.727309,0.322031,0.727604,0.059144,0.031530,0.007129,0.166243,0.017511,0.061763,0.015724,0.046856,0.013380,0.031511,0.007071,0.030340,0.006133,0.052799,0.011140
104,0.822488,0.307023,0.728272,0.061168,0.027365,0.011667,0.156056,0.016228,0.056508,0.016017,0.048424,0.011067,0.027589,0.011679,0.026730,0.012314,0.052917,0.010409
105,0.787295,0.201536,0.727972,0.043780,0.032853,0.009320,0.153384,0.012413,0.053443,0.015067,0.049450,0.015274,0.033165,0.009067,0.031865,0.011241,0.054821,0.011813
106,0.818555,0.322919,0.731041,0.068794,0.026733,0.007132,0.155808,0.009497,0.061468,0.013191,0.044621,0.011598,0.026997,0.006804,0.029434,0.005033,0.057122,0.014246
107,0.874796,0.203156,0.737034,0.064352,0.022724,0.007868,0.149685,0.010023,0.048664,0.022321,0.055947,0.018321,0.023110,0.007776,0.029979,0.009388,0.057655,0.017020
108,0.664296,0.138904,0.724921,0.058818,0.021559,0.007561,0.149910,0.011089,0.052654,0.019347,0.047155,0.021811,0.022040,0.007313,0.029823,0.008819,0.055727,0.018888
109,0.863979,0.308398,0.730921,0.054210,0.024193,0.006989,0.152270,0.015766,0.059808,0.014357,0.057042,0.020876,0.024348,0.006458,0.027345,0.006867,0.051653,0.018086
110,0.673961,0.167391,0.717729,0.046820,0.029217,0.005383,0.154717,0.017255,0.060762,0.011949,0.066590,0.023561,0.029093,0.005231,0.035209,0.009110,0.045569,0.016271
111,0.853014,0.289408,0.719753,0.054042,0.032440,0.006228,0.163013,0.017733,0.062506,0.011788,0.054120,0.019168,0.032318,0.006051,0.035797,0.013873,0.038626,0.014765
112,0.704480,0.170846,0.711721,0.045927,0.037036,0.007818,0.167727,0.015174,0.061831,0.014865,0.055723,0.012371,0.036954,0.007687,0.034553,0.005628,0.032111,0.012743
113,0.818878,0.300965,0.715887,0.052132,0.033643,0.002043,0.165033,0.017916,0.074403,0.021123,0.062884,0.018082,0.033636,0.001969,0.028507,0.007725,0.028164,0.009219
114,0.907542,0.197105,0.727516,0.052005,0.031057,0.005438,0.163600,0.015109,0.073132,0.024281,0.061146,0.020229,0.031128,0.005036,0.037790,0.007770,0.026236,0.006277
115,0.749071,0.184414,0.723984,0.055937,0.033340,0.008866,0.170486,0.013658,0.074512,0.020937,0.055612,0.014267,0.033263,0.008768,0.034461,0.005984,0.025819,0.006210
116,0.931661,0.259620,0.734992,0.053520,0.029196,0.010606,0.166231,0.009931,0.070003,0.024773,0.056752,0.016950,0.029122,0.010908,0.032586,0.008222,0.026330,0.007143
117,0.773617,0.294472,0.734147,0.051796,0.028038,0.009797,0.162302,0.009488,0.062107,0.016849,0.055789,0.010806,0.028262,0.009898,0.031682,0.010118,0.027877,0.007483
118,0.657736,0.112036,0.722882,0.040947,0.027850,0.007295,0.156297,0.009273,0.049429,0.011860,0.053330,0.009136,0.028280,0.007482,0.026999,0.008184,0.030659,0.007099
119,0.770527,0.242080,0.716095,0.047710,0.027332,0.008525,0.153832,0.011496,0.063301,0.015802,0.062422,0.011290,0.027760,0.008799,0.034344,0.005329,0.034157,0.007312
120,0.771953,0.289009,0.715547,0.062590,0.034555,0.008423,0.152274,0.011142,0.061767,0.020153,0.058103,0.015535,0.034994,0.008425,0.036296,0.007448,0.037217,0.008722
121,0.789149,0.215858,0.716834,0.040738,0.030465,0.011135,0.151488,0.010064,0.066518,0.019976,0.067288,0.013289,0.030855,0.010924,0.035455,0.012906,0.039889,0.010335
122,0.565870,0.143643,0.695539,0.037735,0.031473,0.010327,0.144780,0.011812,0.064699,0.017152,0.053609,0.023626,0.032138,0.009959,0.030565,0.012859,0.041320,0.011254
123,0.765590,0.152344,0.697347,0.035453,0.033593,0.009533,0.150091,0.010794,0.060282,0.025730,0.066182,0.018816,0.033631,0.009678,0.037384,0.012956,0.041557,0.011246
124,0.757322,0.231127,0.696726,0.035684,0.031341,0.008134,0.147754,0.014638,0.059560,0.016146,0.057511,0.016694,0.031222,0.008150,0.025108,0.011844,0.040528,0.010681
125,0.734993,0.254475,0.694088,0.044371,0.036849,0.013260,0.155400,0.018493,0.058206,0.008748,0.060264,0.020694,0.036843,0.012960,0.038913,0.010563,0.038289,0.009929
126,0.608922,0.230458,0.681334,0.050982,0.033406,0.008791,0.156906,0.017920,0.061108,0.015606,0.068668,0.019196,0.033247,0.008631,0.036908,0.012509,0.035835,0.009554
127,1.020663,0.622343,0.705985,0.073616,0.033682,0.010085,0.153950,0.017256,0.073770,0.015473,0.072094,0.016332,0.033488,0.009946,0.026200,0.009052,0.032825,0.009192
128,0.772998,0.155951,0.701001,0.059381,0.028988,0.011446,0.151407,0.019619,0.072270,0.025272,0.076354,0.030619,0.028917,0.011370,0.029774,0.007052,0.030573,0.008738
129,0.877224,0.263445,0.711506,0.071053,0.032804,0.014490,0.151989,0.015594,0.067987,0.020198,0.071654,0.024476,0.033102,0.014464,0.037207,0.012273,0.029283,0.008231
130,0.961747,0.276820,0.726631,0.066471,0.036448,0.010202,0.154466,0.014492,0.067165,0.016888,0.073028,0.020156,0.036548,0.010682,0.035905,0.007930,0.028730,0.007848
131,0.768503,0.309992,0.723418,0.063125,0.038338,0.011736,0.151398,0.010250,0.062871,0.021847,0.072472,0.022480,0.038645,0.012147,0.034006,0.010050,0.028682,0.007737
132,0.802141,0.136853,0.723594,0.052240,0.036315,0.013165,0.154982,0.007232,0.067448,0.019401,0.070399,0.024094,0.036598,0.013586,0.037586,0.006923,0.029598,0.007573
133,0.976900,0.302058,0.740231,0.059847,0.034179,0.010522,0.158857,0.011565,0.067976,0.011989,0.059385,0.020588,0.034301,0.010981,0.036434,0.009075,0.031231,0.007471
134,0.758077,0.174771,0.735271,0.058530,0.036451,0.012976,0.156416,0.016131,0.073559,0.022162,0.059771,0.019816,0.036478,0.013767,0.040527,0.005455,0.033189,0.007458
135,0.801002,0.287674,0.732105,0.050388,0.033585,0.015621,0.151990,0.015894,0.058030,0.012434,0.061407,0.018365,0.033862,0.016084,0.034493,0.011513,0.035249,0.007389
136,0.797579,0.273577,0.732221,0.028760,0.034924,0.014116,0.147409,0.013568,0.065225,0.016032,0.060643,0.021081,0.035365,0.014288,0.032434,0.007444,0.036266,0.007315
137,0.718417,0.195563,0.725014,0.024251,0.032653,0.016446,0.148453,0.015715,0.059066,0.010919,0.060819,0.016938,0.032942,0.016917,0.030742,0.007848,0.036759,0.007482
138,0.655233,0.095184,0.710606,0.025452,0.029371,0.011816,0.150511,0.014121,0.052013,0.017005,0.061685,0.016804,0.029697,0.011768,0.026728,0.006847,0.036204,0.007475
139,0.793437,0.182065,0.710803,0.020515,0.031619,0.008152,0.154833,0.016145,0.053841,0.016114,0.057541,0.013625,0.031748,0.008399,0.035229,0.010717,0.034890,0.007377
140,0.695459,0.168107,0.704747,0.022969,0.029861,0.008667,0.148957,0.014474,0.058037,0.013247,0.064675,0.020374,0.029970,0.009214,0.029375,0.005066,0.033316,0.007357
141,0.858182,0.302609,0.711213,0.030520,0.026677,0.012397,0.147839,0.015876,0.051008,0.016792,0.055770,0.026349,0.026976,0.012557,0.028082,0.007456,0.031438,0.007122
142,0.675561,0.178624,0.702363,0.028987,0.026580,0.008409,0.146037,0.014498,0.054945,0.025678,0.055501,0.016835,0.026755,0.008553,0.022688,0.005945,0.030055,0.006930
143,0.816346,0.282137,0.704436,0.024876,0.028865,0.009252,0.148863,0.014635,0.068099,0.020144,0.053765,0.021243,0.029108,0.009266,0.030077,0.013200,0.028953,0.006689
144,1.065331,0.503506,0.730688,0.056683,0.034014,0.006835,0.147171,0.011914,0.074023,0.011588,0.054376,0.019291,0.034396,0.006769,0.029171,0.006885,0.028184,0.006216
145,0.898587,0.217577,0.741064,0.039791,0.037626,0.007465,0.153556,0.010641,0.064360,0.015589,0.055735,0.015196,0.037676,0.007374,0.029940,0.008082,0.028248,0.006076
146,0.684886,0.143161,0.730124,0.041095,0.035876,0.006113,0.144558,0.016698,0.067562,0.013219,0.063457,0.010703,0.036033,0.006058,0.027381,0.006532,0.028908,0.006149
147,0.864900,0.215547,0.738079,0.047443,0.034728,0.008694,0.147111,0.015317,0.065431,0.011276,0.061148,0.007508,0.034921,0.008620,0.030985,0.004962,0.029697,0.006466
148,0.788739,0.236531,0.734734,0.044759,0.030487,0.009038,0.150114,0.013565,0.069914,0.021064,0.056184,0.019282,0.030542,0.008849,0.031539,0.007248,0.030328,0.006652
149,0.692517,0.171274,0.725428,0.049743,0.034247,0.006552,0.151419,0.018912,0.071208,0.019770,0.065735,0.023433,0.034474,0.006485,0.033558,0.007748,0.031564,0.007121
150,0.808070,0.306199,0.725615,0.039553,0.035836,0.011238,0.151739,0.018896,0.068548,0.023418,0.069048,0.022700,0.036122,0.011078,0.032362,0.013711,0.032318,0.007405
151,0.790807,0.267624,0.722291,0.056134,0.030113,0.013859,0.148542,0.013801,0.070599,0.022615,0.073606,0.011696,0.030336,0.014037,0.032136,0.006070,0.032689,0.007365
152,1.009298,0.242120,0.736513,0.035619,0.030349,0.008855,0.143264,0.016591,0.068240,0.019859,0.069576,0.031301,0.030644,0.009095,0.035740,0.007024,0.032793,0.007259
153,0.817714,0.211404,0.736599,0.032188,0.032715,0.008689,0.139477,0.012927,0.074068,0.020641,0.070719,0.028542,0.033287,0.008797,0.030145,0.009532,0.032178,0.007062
154,0.733955,0.220946,0.726635,0.034653,0.032623,0.007990,0.138271,0.013904,0.068706,0.017071,0.067755,0.024147,0.033225,0.008273,0.030244,0.006505,0.031295,0.006896
155,0.866558,0.322630,0.731541,0.033021,0.032008,0.011217,0.142089,0.017012,0.058244,0.017245,0.058376,0.028838,0.032283,0.011796,0.040369,0.008310,0.030482,0.006844
156,0.659110,0.210019,0.718175,0.042315,0.029391,0.009472,0.135169,0.018266,0.062443,0.023531,0.057069,0.027855,0.029835,0.009900,0.032390,0.011692,0.029550,0.006704
157,0.739799,0.216849,0.713316,0.033399,0.031331,0.008408,0.145539,0.018158,0.063192,0.019627,0.057604,0.017640,0.031582,0.008917,0.034974,0.010416,0.029431,0.006794
158,0.677183,0.246222,0.704256,0.019607,0.028597,0.006546,0.146819,0.012633,0.064817,0.017999,0.064054,0.024413,0.028757,0.006991,0.031353,0.008171,0.029195,0.006830
159,0.865373,0.232068,0.712850,0.030958,0.025670,0.006139,0.145040,0.027746,0.065194,0.017612,0.059667,0.017550,0.025826,0.006535,0.032319,0.010069,0.029201,0.006837
160,0.822604,0.210144,0.716970,0.046336,0.024773,0.004756,0.145846,0.018355,0.057771,0.017282,0.062802,0.014478,0.025169,0.005041,0.029219,0.008061,0.029371,0.006986
161,0.976355,0.319263,0.734175,0.041208,0.029979,0.007270,0.151113,0.013292,0.065014,0.014976,0.075735,0.011937,0.030441,0.007470,0.030949,0.008304,0.030207,0.007511
162,0.813199,0.246822,0.735785,0.036369,0.030216,0.009074,0.150730,0.014509,0.053527,0.011631,0.063361,0.011064,0.030716,0.008798,0.036677,0.009893,0.030686,0.007729
163,0.884729,0.237520,0.740202,0.028580,0.034068,0.010269,0.148755,0.014407,0.054693,0.020964,0.069094,0.007972,0.034487,0.010342,0.032772,0.008265,0.031046,0.007827
164,0.678994,0.155290,0.730073,0.032428,0.032236,0.013659,0.144601,0.014191,0.053598,0.019093,0.064693,0.017703,0.032602,0.014164,0.032324,0.009389,0.031248,0.007792
165,0.749370,0.368832,0.727154,0.052569,0.030036,0.012358,0.143792,0.013952,0.054338,0.019814,0.060454,0.022319,0.030454,0.012544,0.029634,0.006228,0.031100,0.007627
166,0.807119,0.326349,0.726417,0.071614,0.033886,0.012498,0.140927,0.009647,0.063669,0.022844,0.068352,0.024283,0.034228,0.012418,0.029253,0.006009,0.030953,0.007444
167,0.654389,0.100810,0.712276,0.061399,0.024638,0.009006,0.144319,0.008471,0.056184,0.007317,0.054936,0.010252,0.024884,0.009031,0.024296,0.006495,0.030745,0.007311
168,0.762289,0.229267,0.712037,0.041300,0.027394,0.010533,0.149603,0.011369,0.072643,0.012439,0.060919,0.010096,0.027460,0.010874,0.031931,0.004847,0.030471,0.007140
169,0.809113,0.145396,0.713390,0.034006,0.031877,0.008342,0.157314,0.009906,0.069392,0.010399,0.060542,0.015449,0.031738,0.008471,0.034173,0.011887,0.030471,0.007010
170,0.853856,0.505713,0.721374,0.054389,0.032489,0.009000,0.155834,0.014194,0.061779,0.015358,0.060589,0.015935,0.032352,0.008583,0.035563,0.012145,0.030525,0.006948
171,0.740595,0.256847,0.717152,0.050156,0.035090,0.010465,0.150893,0.018011,0.057750,0.021559,0.061811,0.019460,0.035062,0.010334,0.029634,0.009795,0.030635,0.006952
172,0.803334,0.336861,0.720060,0.051246,0.038686,0.007320,0.162817,0.016194,0.069076,0.016766,0.064154,0.026779,0.038462,0.007227,0.036468,0.011027,0.030476,0.006878
173,0.783924,0.134440,0.722043,0.051704,0.035906,0.010068,0.163129,0.013252,0.076805,0.022177,0.061592,0.021086,0.035692,0.009946,0.038992,0.008823,0.030649,0.006981
174,0.739417,0.125254,0.715843,0.055027,0.029699,0.005047,0.159844,0.013451,0.070788,0.012791,0.051870,0.020757,0.029490,0.004695,0.029209,0.010843,0.030966,0.007216
175,0.837547,0.293090,0.718457,0.036573,0.035733,0.009596,0.160168,0.017567,0.066140,0.015569,0.065010,0.007486,0.035516,0.009493,0.035886,0.010950,0.031089,0.007321
176,0.760706,0.320682,0.716137,0.047436,0.036769,0.011208,0.159547,0.018725,0.070453,0.021538,0.060071,0.011729,0.036672,0.011253,0.036407,0.008162,0.030726,0.006976
177,0.642012,0.138351,0.701910,0.043541,0.035283,0.008730,0.154394,0.018666,0.080815,0.027189,0.063898,0.021103,0.035317,0.008673,0.029680,0.009920,0.030609,0.006963
178,0.694408,0.164623,0.695268,0.045177,0.034088,0.011678,0.154630,0.017862,0.076016,0.030681,0.069520,0.027105,0.034102,0.011888,0.032262,0.013412,0.030440,0.006926
179,0.868644,0.161757,0.704355,0.039002,0.030316,0.008958,0.152637,0.010512,0.070228,0.029195,0.062934,0.020575,0.030442,0.009092,0.029038,0.014991,0.030349,0.007016
180,0.775400,0.268410,0.703893,0.028497,0.029402,0.009879,0.154188,0.010944,0.067700,0.021722,0.065934,0.020786,0.029452,0.010333,0.030634,0.007384,0.030490,0.007056
181,0.953735,0.312172,0.720202,0.025638,0.027779,0.007629,0.157244,0.011401,0.064458,0.019186,0.074967,0.018100,0.027610,0.007840,0.033031,0.006419,0.030484,0.006966
182,0.857727,0.203465,0.723481,0.030626,0.032899,0.007710,0.154998,0.014156,0.068924,0.020370,0.074421,0.017741,0.032890,0.007882,0.036161,0.010320,0.030736,0.006937
183,0.598754,0.110819,0.705184,0.032899,0.033733,0.006435,0.155661,0.017916,0.072323,0.023687,0.072793,0.022177,0.033734,0.006298,0.034145,0.007541,0.030721,0.006848
184,0.691461,0.176102,0.695861,0.031635,0.030207,0.004977,0.159128,0.018304,0.063718,0.015008,0.077088,0.018683,0.030012,0.004859,0.031336,0.007146,0.030784,0.006866
185,0.678870,0.134795,0.690032,0.027978,0.031460,0.008032,0.157451,0.017457,0.063495,0.014533,0.068100,0.015965,0.031406,0.007979,0.035779,0.006702,0.030925,0.006859
186,0.852643,0.507747,0.699259,0.054143,0.028634,0.007236,0.160572,0.011405,0.057274,0.015477,0.055417,0.013426,0.028391,0.007219,0.031838,0.010571,0.030833,0.006783
187,0.611367,0.173213,0.687727,0.051177,0.037208,0.009220,0.156303,0.014013,0.069990,0.024478,0.056802,0.017711,0.037248,0.009335,0.033599,0.010127,0.030752,0.006803
188,0.700612,0.157616,0.681341,0.035106,0.030097,0.011337,0.154307,0.012451,0.058691,0.018169,0.051569,0.011422,0.030218,0.011340,0.029521,0.006861,0.030851,0.006894
189,0.897129,0.308265,0.696362,0.056748,0.034794,0.009716,0.153556,0.013257,0.061709,0.014294,0.062616,0.009988,0.034899,0.009487,0.034038,0.007093,0.030581,0.006823
190,0.759277,0.210518,0.697050,0.057752,0.031103,0.007888,0.155675,0.016014,0.066143,0.018512,0.061259,0.009307,0.030807,0.007788,0.026563,0.008038,0.030585,0.006834
191,1.039228,0.593282,0.719233,0.064825,0.030446,0.004961,0.149880,0.024741,0.066526,0.020946,0.060512,0.016109,0.030148,0.004152,0.030164,0.005942,0.030687,0.006874
192,0.844729,0.333209,0.725379,0.071028,0.031135,0.006494,0.157453,0.019170,0.062812,0.021160,0.056951,0.011264,0.030851,0.006503,0.035488,0.008568,0.030432,0.006868
193,0.679172,0.142984,0.714691,0.060253,0.031880,0.007136,0.150390,0.023789,0.050632,0.018738,0.065910,0.009821,0.031918,0.007005,0.031521,0.009196,0.030314,0.006883
194,0.841393,0.266486,0.718328,0.051051,0.032707,0.007881,0.149468,0.018937,0.059008,0.015975,0.065870,0.014251,0.032922,0.008045,0.034054,0.009575,0.030539,0.006864
195,0.735802,0.207297,0.714676,0.060331,0.035695,0.007635,0.145387,0.016759,0.070633,0.019011,0.076005,0.020000,0.036025,0.007702,0.032953,0.010031,0.030675,0.007025
196,0.806923,0.475664,0.718414,0.064986,0.033122,0.008829,0.148004,0.018367,0.071788,0.011312,0.067879,0.016269,0.033500,0.008929,0.033268,0.012062,0.030803,0.007130
197,0.946751,0.274016,0.732063,0.065318,0.030732,0.007738,0.151402,0.023597,0.067232,0.022156,0.073020,0.009533,0.030730,0.007784,0.028065,0.014176,0.030811,0.007116
198,0.883682,0.309193,0.737597,0.066914,0.029636,0.008904,0.149994,0.021590,0.066838,0.020441,0.076733,0.014048,0.029688,0.008899,0.029619,0.010799,0.030577,0.006897
199,0.996444,0.359313,0.753363,0.075806,0.030164,0.014270,0.143823,0.022207,0.064877,0.016595,0.078775,0.011663,0.030555,0.014142,0.030684,0.007843,0.030748,0.006941
200,0.937152,0.258250,0.765892,0.083697,0.030087,0.011660,0.149061,0.019891,0.061265,0.016661,0.065164,0.016876,0.030447,0.011607,0.031796,0.007252,0.030633,0.006873
201,0.830153,0.154798,0.764035,0.075518,0.029461,0.009710,0.153306,0.023177,0.059261,0.023503,0.062115,0.022449,0.029618,0.009546,0.034371,0.012241,0.030638,0.006913
202,0.882797,0.231457,0.767444,0.066975,0.034622,0.014964,0.160954,0.020213,0.069679,0.023652,0.069890,0.025011,0.034442,0.015130,0.039886,0.016862,0.030441,0.006878
203,0.702246,0.108618,0.752471,0.056394,0.034880,0.011994,0.161912,0.015014,0.073044,0.020888,0.072214,0.016572,0.034604,0.012302,0.034102,0.011308,0.030347,0.006918
204,0.648869,0.178587,0.737505,0.058055,0.032606,0.011900,0.154984,0.013289,0.075526,0.018305,0.065843,0.027780,0.032578,0.012028,0.031289,0.010316,0.030482,0.006991
205,0.902868,0.310139,0.745502,0.055769,0.029866,0.010922,0.149240,0.012461,0.073236,0.018508,0.065757,0.020759,0.029914,0.010815,0.036013,0.007463,0.030511,0.006945
206,0.924926,0.496841,0.756944,0.080629,0.034009,0.014169,0.146061,0.011741,0.070974,0.028066,0.062085,0.022829,0.034199,0.014020,0.033259,0.010156,0.030807,0.007132
207,0.711358,0.097441,0.743916,0.076770,0.036421,0.008138,0.150284,0.017708,0.080571,0.024701,0.064948,0.016169,0.036495,0.007914,0.031334,0.012422,0.030808,0.007043
208,0.710102,0.254363,0.735001,0.083110,0.032903,0.006698,0.152938,0.016970,0.076924,0.016900,0.060062,0.016963,0.032895,0.006929,0.029046,0.010713,0.030739,0.006934
209,0.777287,0.188442,0.732985,0.071488,0.027976,0.008948,0.155123,0.012466,0.067777,0.021177,0.063250,0.019348,0.027890,0.008939,0.027901,0.006889,0.030656,0.006941
210,0.887442,0.231240,0.740801,0.054037,0.029882,0.009571,0.155614,0.016079,0.059122,0.018240,0.058649,0.021207,0.029740,0.009560,0.028162,0.008986,0.030734,0.006993
211,0.798070,0.233289,0.739169,0.064316,0.027957,0.012764,0.153073,0.014533,0.061404,0.016264,0.057673,0.019296,0.028022,0.012520,0.028598,0.006312,0.030397,0.006849
212,0.837136,0.196663,0.741343,0.058846,0.030580,0.008604,0.156367,0.015913,0.065501,0.019724,0.056316,0.018724,0.030542,0.008233,0.032322,0.007482,0.030441,0.006899
213,1.209613,0.652964,0.773999,0.035961,0.030052,0.010068,0.159717,0.020926,0.055781,0.021775,0.054523,0.017716,0.030055,0.009697,0.031855,0.008791,0.030505,0.006928
214,0.846928,0.210833,0.771396,0.031843,0.031609,0.009164,0.158957,0.024924,0.056627,0.021123,0.055749,0.015456,0.031504,0.008587,0.030052,0.010022,0.030625,0.006962
215,0.821956,0.366155,0.768108,0.036955,0.032161,0.009458,0.148537,0.022623,0.058114,0.017609,0.051233,0.019278,0.032074,0.009809,0.028461,0.008710,0.030538,0.006950
216,0.743386,0.166107,0.758858,0.026640,0.027017,0.008458,0.147626,0.016501,0.054929,0.016107,0.047499,0.012170,0.026821,0.008961,0.029967,0.009800,0.030543,0.006877
217,0.741022,0.182942,0.749705,0.022908,0.028321,0.008220,0.154892,0.018259,0.058126,0.017048,0.046710,0.008604,0.027950,0.008301,0.027951,0.010292,0.030716,0.006962
218,0.908248,0.326553,0.753729,0.036103,0.028550,0.007705,0.147863,0.016483,0.057887,0.019908,0.047843,0.011926,0.028549,0.007930,0.033360,0.009498,0.030609,0.006887
219,0.653297,0.204201,0.735154,0.027370,0.030846,0.008711,0.149253,0.022692,0.057902,0.009778,0.052642,0.008166,0.030988,0.008713,0.032705,0.011600,0.030767,0.007010
220,1.194578,0.538308,0.770011,0.038539,0.030655,0.008804,0.148267,0.019210,0.058304,0.018686,0.054215,0.011645,0.030935,0.008771,0.033477,0.005106,0.030724,0.006999
221,0.948796,0.246439,0.778591,0.043321,0.029462,0.009172,0.147278,0.015123,0.070273,0.018523,0.049230,0.016218,0.029832,0.009231,0.033122,0.006321,0.030695,0.007030
222,0.560468,0.124901,0.751968,0.037587,0.028875,0.004737,0.147044,0.010091,0.073904,0.019685,0.056778,0.016871,0.029131,0.005066,0.031038,0.008934,0.030542,0.006978
223,0.774776,0.164861,0.748162,0.038400,0.026353,0.008265,0.144284,0.007419,0.077378,0.026263,0.070891,0.013406,0.026689,0.008567,0.028067,0.005754,0.030589,0.006907
224,0.955495,0.409337,0.754958,0.044567,0.028829,0.005822,0.148027,0.008952,0.081431,0.021397,0.059283,0.017262,0.029249,0.006004,0.027604,0.009859,0.030722,0.006985
225,0.716594,0.132947,0.744815,0.041388,0.030723,0.009408,0.146657,0.012823,0.088857,0.018026,0.069780,0.008664,0.031267,0.009415,0.026778,0.004532,0.030625,0.006944
226,0.638789,0.188258,0.728704,0.039284,0.033161,0.008170,0.148317,0.010103,0.079828,0.013926,0.059897,0.017756,0.033792,0.008051,0.030784,0.008326,0.030588,0.006898
227,0.926941,0.543211,0.739382,0.057056,0.036628,0.006130,0.148941,0.016550,0.082770,0.021388,0.069335,0.014011,0.037176,0.005862,0.033884,0.010385,0.030401,0.006859
228,0.810321,0.188810,0.739221,0.054379,0.031082,0.010698,0.147267,0.018788,0.071879,0.029861,0.065947,0.011160,0.031505,0.010417,0.031909,0.008218,0.030415,0.006829
229,0.885769,0.288583,0.746792,0.045430,0.032794,0.014168,0.142243,0.021908,0.078085,0.022382,0.067918,0.020067,0.033258,0.013904,0.033033,0.009438,0.030570,0.006853
230,0.799121,0.173233,0.741882,0.048081,0.029526,0.014262,0.147684,0.020205,0.073887,0.019172,0.066792,0.019855,0.029401,0.014532,0.030056,0.014867,0.030590,0.006870
231,0.914453,0.338185,0.753119,0.044625,0.035239,0.007216,0.147842,0.024135,0.063018,0.017159,0.066932,0.021278,0.035344,0.007491,0.035513,0.011669,0.030856,0.007042
232,0.752208,0.281090,0.745909,0.054340,0.031416,0.013394,0.143891,0.024095,0.056667,0.014314,0.063315,0.021030,0.031722,0.013355,0.035022,0.005720,0.030903,0.007087
233,0.759807,0.213196,0.739311,0.048482,0.032646,0.006263,0.139403,0.019305,0.061874,0.010156,0.072662,0.014952,0.033129,0.006406,0.036040,0.006698,0.030802,0.007064
234,0.854968,0.325652,0.743532,0.046016,0.031765,0.004478,0.137103,0.026098,0.061221,0.008537,0.070918,0.026448,0.032353,0.004037,0.026756,0.005028,0.030528,0.006892
235,0.748931,0.129762,0.737431,0.031114,0.025467,0.006067,0.140741,0.022662,0.065734,0.013142,0.073894,0.022493,0.026050,0.005874,0.034755,0.007614,0.030657,0.006954
236,0.797922,0.232933,0.736245,0.035555,0.027743,0.004759,0.139792,0.016230,0.051541,0.015797,0.063815,0.021901,0.027938,0.005312,0.030661,0.008656,0.030567,0.006906
237,0.823972,0.187423,0.735777,0.034616,0.035739,0.011903,0.146271,0.010753,0.066932,0.020824,0.074222,0.018476,0.035720,0.012284,0.035818,0.006745,0.030583,0.006959
238,0.682176,0.142634,0.722336,0.031208,0.032657,0.008441,0.142155,0.011344,0.071230,0.020772,0.072831,0.015053,0.032910,0.008209,0.029733,0.008834,0.030454,0.006879
239,0.826544,0.253241,0.725417,0.022393,0.034275,0.006832,0.137333,0.012045,0.075024,0.018197,0.072749,0.021694,0.034813,0.007016,0.032823,0.009589,0.030270,0.006782
240,0.666437,0.165758,0.712456,0.025498,0.030934,0.006040,0.142791,0.017270,0.074505,0.021003,0.068353,0.024532,0.031043,0.006075,0.033579,0.008190,0.030442,0.006810
241,0.781259,0.268029,0.713073,0.027178,0.028863,0.009103,0.141467,0.017938,0.090699,0.021797,0.081721,0.026972,0.029096,0.009287,0.029424,0.011724,0.030537,0.006888
242,0.922687,0.485553,0.724442,0.041409,0.033002,0.011554,0.149830,0.017497,0.086944,0.020227,0.076038,0.020964,0.032939,0.011879,0.033123,0.009702,0.030704,0.006977
243,0.703459,0.111200,0.714005,0.040598,0.032909,0.007877,0.148179,0.012771,0.087841,0.014837,0.075469,0.020681,0.032925,0.008059,0.029502,0.008741,0.030742,0.007055
244,0.702548,0.216509,0.706522,0.049774,0.030690,0.008272,0.144955,0.015118,0.080101,0.022405,0.075330,0.015594,0.030730,0.007994,0.030530,0.013734,0.030998,0.007208
245,0.771088,0.078344,0.706671,0.047572,0.035434,0.006342,0.145006,0.012888,0.074743,0.020318,0.072090,0.012814,0.035477,0.006371,0.030887,0.011871,0.031060,0.007215
246,0.956401,0.542078,0.725994,0.038773,0.029352,0.008553,0.146962,0.014975,0.076839,0.012890,0.066788,0.016956,0.029346,0.008076,0.033963,0.007704,0.030942,0.007075
247,0.869165,0.366611,0.729309,0.056992,0.029127,0.005692,0.146100,0.009674,0.062243,0.022565,0.066258,0.014601,0.029007,0.005314,0.032067,0.010391,0.030565,0.006948
248,0.882654,0.498797,0.735919,0.048646,0.026431,0.008563,0.140059,0.009729,0.071446,0.022251,0.058935,0.020776,0.026661,0.008893,0.028625,0.008647,0.030325,0.006865
249,0.935363,0.384694,0.747965,0.066794,0.026988,0.006547,0.143585,0.013232,0.066795,0.018560,0.059471,0.016118,0.027058,0.006127,0.030758,0.006020,0.030319,0.006882
250,0.674646,0.148577,0.735597,0.057387,0.029588,0.004131,0.139416,0.014870,0.064974,0.015144,0.055514,0.011782,0.029621,0.004139,0.031450,0.007898,0.030369,0.006826
251,0.855668,0.124158,0.738252,0.055952,0.028723,0.006208,0.141519,0.011033,0.061887,0.018006,0.067013,0.011545,0.028705,0.005956,0.030497,0.007496,0.030618,0.006915
252,0.809372,0.223989,0.737979,0.051051,0.024336,0.006655,0.140930,0.012263,0.058368,0.010804,0.059188,0.016146,0.024540,0.006258,0.028946,0.006166,0.030633,0.006895
253,0.759343,0.215825,0.735445,0.052694,0.029558,0.007204,0.141715,0.014215,0.060129,0.013516,0.067918,0.019160,0.029643,0.007084,0.028833,0.011392,0.030751,0.006942
254,0.643367,0.081408,0.720418,0.050572,0.036067,0.013202,0.146648,0.012949,0.051394,0.013680,0.060316,0.018151,0.035945,0.012995,0.034899,0.012366,0.030809,0.006962
255,0.856042,0.277483,0.725821,0.047234,0.040669,0.008560,0.146304,0.018614,0.056711,0.023694,0.049813,0.012294,0.040586,0.008903,0.042006,0.007766,0.030719,0.007022
256,0.871166,0.167172,0.733065,0.046534,0.038972,0.007957,0.147477,0.016892,0.070368,0.024894,0.056176,0.017405,0.038602,0.008898,0.030160,0.009649,0.030548,0.007025
257,0.662294,0.209814,0.719548,0.055522,0.033528,0.009823,0.153595,0.017534,0.062490,0.031880,0.056169,0.019691,0.033164,0.010033,0.032755,0.009850,0.030471,0.006967
258,0.861770,0.254514,0.727636,0.056103,0.031555,0.009892,0.152104,0.017996,0.068958,0.029145,0.059205,0.016592,0.030929,0.010392,0.036077,0.010511,0.030399,0.006878
259,0.783919,0.216548,0.725849,0.059078,0.032332,0.008017,0.149083,0.017422,0.066034,0.023652,0.059573,0.020531,0.031854,0.007586,0.032492,0.008123,0.030386,0.006892
260,0.980210,0.293946,0.743726,0.053268,0.036449,0.008472,0.156934,0.010766,0.068361,0.018444,0.067700,0.018182,0.035879,0.008474,0.036716,0.007739,0.030623,0.006924
261,0.684278,0.230337,0.728936,0.058085,0.034151,0.005820,0.153492,0.009845,0.071177,0.018008,0.065834,0.018257,0.033627,0.005725,0.031003,0.013136,0.030874,0.006954
262,0.833562,0.256378,0.730787,0.067097,0.035430,0.006689,0.157449,0.017855,0.067995,0.022217,0.067052,0.017271,0.034731,0.006516,0.029060,0.009050,0.030692,0.006908
263,0.739076,0.171043,0.723670,0.069890,0.037417,0.009081,0.154827,0.023560,0.055907,0.020538,0.059069,0.014110,0.036710,0.008851,0.032024,0.009694,0.030741,0.006986
264,0.765319,0.190780,0.718775,0.053747,0.033262,0.009939,0.156286,0.016741,0.055336,0.012963,0.058406,0.010023,0.032362,0.009790,0.033028,0.009232,0.030483,0.006922
265,0.782544,0.178864,0.715357,0.047775,0.036670,0.012030,0.149847,0.017508,0.063695,0.018679,0.065284,0.014653,0.036339,0.012425,0.033045,0.009948,0.030592,0.007056
266,0.833494,0.243805,0.719519,0.053707,0.035058,0.008046,0.143340,0.021424,0.059745,0.024664,0.060825,0.012010,0.034954,0.007825,0.030435,0.008362,0.030454,0.006917
267,0.791857,0.141705,0.720742,0.046929,0.031978,0.007854,0.145030,0.024500,0.057128,0.026702,0.056610,0.021165,0.031561,0.008261,0.031479,0.012081,0.030622,0.006852
268,0.685711,0.249926,0.713490,0.045853,0.028252,0.008549,0.140564,0.030126,0.055877,0.018029,0.061538,0.016022,0.027987,0.008603,0.025192,0.005834,0.030717,0.006920
269,0.849580,0.259738,0.718878,0.057336,0.029207,0.006102,0.128380,0.025210,0.057808,0.023540,0.058280,0.010721,0.029498,0.006129,0.028360,0.010840,0.030823,0.007064
270,0.854873,0.296023,0.722531,0.057535,0.034101,0.007144,0.130630,0.021116,0.065471,0.017146,0.053490,0.016934,0.034235,0.008217,0.034245,0.010461,0.030732,0.007114
271,1.056525,0.399965,0.744509,0.074373,0.032433,0.009642,0.133479,0.023449,0.065114,0.016953,0.056914,0.017890,0.032544,0.010661,0.038541,0.014322,0.030757,0.007085
272,0.688598,0.152747,0.733054,0.068773,0.035436,0.009568,0.132077,0.031926,0.069437,0.017057,0.066306,0.023903,0.035440,0.009893,0.039900,0.011857,0.030850,0.007071
273,0.886306,0.264031,0.741976,0.059083,0.035637,0.011353,0.134198,0.032554,0.075044,0.022875,0.076057,0.021497,0.035462,0.011915,0.030883,0.013483,0.030450,0.006925
274,0.754743,0.107970,0.738637,0.053842,0.034733,0.010229,0.135597,0.034347,0.078215,0.013902,0.071312,0.019349,0.034690,0.010440,0.030498,0.012390,0.030444,0.006750
275,0.764193,0.150153,0.733003,0.047848,0.031861,0.011130,0.137100,0.023691,0.072415,0.021273,0.074023,0.017729,0.031974,0.011323,0.032558,0.008317,0.030285,0.006734
276,0.504840,0.090823,0.705700,0.042471,0.033084,0.007170,0.137373,0.022737,0.077084,0.021988,0.076373,0.021405,0.033247,0.007749,0.037318,0.014277,0.030365,0.006741
277,0.919383,0.325456,0.720074,0.052682,0.033265,0.005030,0.138040,0.020906,0.082213,0.037162,0.083361,0.023849,0.033796,0.005165,0.030394,0.005653,0.030457,0.006832
278,0.879395,0.351693,0.722681,0.052345,0.033415,0.003942,0.136307,0.025351,0.071972,0.023612,0.083341,0.019716,0.034010,0.004190,0.032346,0.007997,0.030895,0.007110
279,0.983107,0.239894,0.737794,0.042089,0.030890,0.006971,0.137072,0.028537,0.067234,0.022001,0.074272,0.022482,0.031463,0.006737,0.032457,0.007039,0.030907,0.007137
280,0.828147,0.252833,0.735811,0.046167,0.030753,0.009760,0.141011,0.028375,0.073013,0.021347,0.073937,0.020208,0.031096,0.009324,0.031450,0.010602,0.030850,0.007103
281,0.864909,0.304446,0.739710,0.059503,0.033238,0.010575,0.147412,0.034409,0.070642,0.020282,0.071763,0.032803,0.032735,0.010131,0.031859,0.008772,0.030736,0.007032
282,0.617458,0.152986,0.723275,0.057115,0.041915,0.012545,0.145916,0.032246,0.071382,0.013518,0.083290,0.025857,0.041575,0.011807,0.035486,0.007862,0.030664,0.006960
283,0.722488,0.254169,0.715767,0.060417,0.037881,0.014775,0.144996,0.034845,0.066379,0.011659,0.072329,0.026345,0.037420,0.014462,0.029586,0.009253,0.030550,0.006906
284,0.794102,0.297087,0.716734,0.067240,0.037028,0.013993,0.144531,0.033894,0.066806,0.014556,0.072061,0.024136,0.036465,0.013468,0.026890,0.013369,0.030338,0.006835
285,0.839146,0.250091,0.720327,0.062414,0.034315,0.013218,0.141685,0.028043,0.060796,0.014268,0.065674,0.017696,0.033720,0.012940,0.026855,0.007603,0.030420,0.006883
286,1.007304,0.445274,0.739607,0.054935,0.030832,0.008096,0.133345,0.027245,0.066125,0.019583,0.070428,0.016443,0.030743,0.008355,0.031322,0.004949,0.030549,0.006791
287,0.792570,0.264475,0.732893,0.051104,0.029008,0.008270,0.137847,0.023541,0.069109,0.031354,0.062339,0.021613,0.028809,0.008494,0.029651,0.008437,0.030735,0.006934
288,0.734301,0.205466,0.727523,0.044878,0.029739,0.008655,0.140233,0.019347,0.071247,0.027762,0.068010,0.028610,0.029310,0.009104,0.033685,0.009191,0.030733,0.006926
289,0.710052,0.200243,0.720816,0.050408,0.030612,0.008199,0.141270,0.024109,0.065777,0.031942,0.059619,0.033405,0.030219,0.008195,0.030014,0.009663,0.030727,0.006992
290,0.820833,0.203927,0.723258,0.059886,0.030960,0.009449,0.139993,0.026830,0.054768,0.033179,0.060281,0.031988,0.030867,0.009107,0.033600,0.006574,0.030567,0.006910
291,0.890092,0.258139,0.731038,0.047325,0.028001,0.007335,0.147138,0.021788,0.057712,0.012617,0.066905,0.027223,0.027100,0.007557,0.031115,0.006349,0.030397,0.006912
292,0.714759,0.136906,0.720390,0.048212,0.028917,0.009486,0.147145,0.020534,0.058075,0.020473,0.062314,0.029929,0.028090,0.009451,0.031235,0.007184,0.030390,0.006855
293,0.643053,0.101138,0.707094,0.050405,0.032975,0.010911,0.147260,0.024160,0.067234,0.017193,0.060132,0.030049,0.032004,0.010904,0.033896,0.014917,0.030500,0.006997
294,0.798039,0.256555,0.706937,0.053718,0.031261,0.012334,0.146786,0.027950,0.052629,0.015487,0.068037,0.022573,0.030643,0.011790,0.033804,0.017953,0.030700,0.007064
295,0.748759,0.299879,0.702706,0.062716,0.034450,0.010705,0.143641,0.029264,0.053407,0.016372,0.063990,0.014355,0.034054,0.010702,0.035877,0.008985,0.031047,0.007247
296,0.891298,0.359702,0.714384,0.061653,0.034925,0.005345,0.143922,0.038144,0.056470,0.015603,0.066200,0.023848,0.034342,0.005379,0.036476,0.008699,0.031060,0.007195
297,0.769615,0.404627,0.713464,0.062758,0.032597,0.006172,0.139381,0.033619,0.052325,0.010948,0.068018,0.019020,0.031930,0.006683,0.030039,0.009159,0.031059,0.007133
298,0.784520,0.165462,0.714413,0.069656,0.025194,0.004898,0.134249,0.028693,0.055834,0.013288,0.063153,0.019749,0.024935,0.004891,0.030694,0.009066,0.030524,0.006836
299,0.783882,0.184748,0.715300,0.061733,0.030547,0.011738,0.129440,0.027002,0.063990,0.014387,0.059086,0.022085,0.030776,0.011531,0.028437,0.007585,0.030275,0.006860
300,0.720257,0.181219,0.708394,0.052476,0.034147,0.014194,0.131080,0.029565,0.066423,0.015525,0.062882,0.014499,0.034634,0.014248,0.030502,0.009315,0.030069,0.006816
